System ID,Place name,Discriminator,Place name type,Place type,Broader Terms,Display Term,Use For,Related Terms,Scope Note
x30538,Abu Ghurab,Memphis,modern,Q,Lower Egypt~Memphis (Egypt),,,,
x113913,Abu Hariba Mosque,,modern,Q,Cairo,,,,Al Darb al-Ahmar district.
x30736,Abu Hommus,,modern,Q,Nile Delta,,,,
x40663,Abu Mina,,archaic,Q,Nile Delta,,Abu Mena,,
x103856,Abu Qir,,modern,O,Lower Egypt,,Abukir~Abou-qyr~Bay of Abu Qir,,
x30704,Abu Rawash,Memphis,modern,Q,Nile Delta~Memphis (Egypt),,Abu Ruwash,,
x108265,Abu Sighawal Pass,,modern,Q,Kharga Oasis,,Umm Sighawal Pass,,
x30342,Abu Simbel,Nubia,modern,Q,Upper Egypt~Nubia (Africa),,,,
x30540,Abuqir,,modern,K,Nile Delta,,Aboukir,,
x30308,Abusir,Memphis,modern,Q,Lower Egypt~Memphis (Egypt),,,,
x31790,Abydos,,archaic,K,Upper Egypt,,,,
x22806,Ahnas,,modern,O,Egypt,,,,
x108427,Ain Amur Road,,modern,Q,Western Desert,,,,
x108426,Ain el Tin,,modern,Q,Kharga Oasis,,,,
x108420,Ain Fakena,,modern,Q,Kharga Oasis,,,,
x109036,Ain Sina Mountain,,modern,Q,Kharga Oasis,,Gebel Ain Sina,,
x108818,Ain Umm Dabadib,historic,modern,Q,Kharga Oasis,,Umm-Ed-Dabadib,,
x30376,Akhmim,,modern,K,Upper Egypt,,Eckhmin~Ipu~Khemmis~Khent-Min~Akhmîm~Crocodilopolis~Krokodilopolis,,
x109601,Al Azhar Mosque,,modern,Q,Cairo,,,,El Hussein Square.
x110136,Al Sayida Aisha Mosque,,modern,Q,Cairo,,,,
x109635,Al-Rifai Mosque,,modern,Q,Cairo,,Al-Rifai~Al-Refai~Al-Refa'i~Royal Mosque~Refa'ie Mosque,,Midan al-Qal'a
x58829,"Alam, el-",,modern,O,Fayum,El-Alam,El-Alam,,
x21094,Alexandria,Egypt,modern,K,Nile Delta,,"Iskandariya, el-~Raqote~el-Iskandariya",,
x116128,Alexandrian Nome,,archaic,I,Lower Egypt,,Alexandria~Alexandrian~Αλεξανδρεων Χωρας Νομος,,Nome (administrative district of Ancient Egypt).
x30369,"Amarna, el-",,modern,Q,Middle Egypt,El-Amarna,Amarna~el-Amarna~Tell el-Amarna,,
x110202,Amir Khairbak Mosque,,modern,Q,Cairo,,Emir Khairbak Mosque~Emir Kairbak Mosque,,Tabbana Quarter.
x58690,Amr Mosque,,modern,Q,Fustat,,,,
x30641,"Amra, el-",,modern,Q,Upper Egypt,El-Amra,El-Amra,,
x30326,Aniba,Nubia,modern,Q,Upper Egypt~Nubia (Africa),,,,
x51265,Antaeopolite Nome,,archaic,I,Upper Egypt,,Antaeopolis~Antaeopolite~Ανταιοπολιτης Νομος,,Nome (administrative district of Ancient Egypt).
x271367,Antinoupolis,,modern,Q,Sheikh Ibada,,Antinoopolis~Antinoe,,"Sheikh Ibada is the modern village adjacent to, and now encroaching upon, the ancient city of Antinoupolis."
x51750,Aphroditopolite Nome,,archaic,I,Middle Egypt,,Aphroditopolis~Aphroditopolite~Αφροδειτοπολιτης Νομος,,Nome (administrative district of Ancient Egypt).
x29011,Apollinopolis Magna,,modern,K,Edfu,,,,
x29010,Apollinopolis Parva,,archaic,K,Upper Egypt,,,,
x51754,Apollonopolite Nome,,archaic,I,Upper Egypt,,Apollonopolis~Apollonopolite~Απολλωνοπολιτης Νομος,,Nome (administrative district of Ancient Egypt).
x93479,Arab Museum,,modern,Q,Cairo,,,,
x30613,"Araba el-Madfuna, el-",Abydos,modern,Q,Upper Egypt~Abydos,El-Araba el-Madfuna (Abydos),El-Araba el-Madfuna,,
x116129,Arabian Nome,,archaic,I,Lower Egypt,,Arabia~Arabian~Αραβιας Νομος,,Nome (administrative district of Ancient Egypt).
x29001,Armant,,modern,K,Upper Egypt,,Erment,,
x51751,Arsinoite Nome,,archaic,I,Middle Egypt,,Arsinoe~Arsinoite~Αρσινοειτης Νομος,,Nome (administrative district of Ancient Egypt).
x30358,Asasif,Thebes,modern,Q,Upper Egypt~Thebes (historic - Upper Egypt),,,,
x109454,Ash Shaykh Timay,,modern,Q,Middle Egypt,,Esh Sheikh Timai~El Sheikh Timai,,
x58822,Ashmun,,modern,K,Lower Egypt,,,,
x30332,"Ashmunein, el-",,modern,Q,Middle Egypt,El-Ashmunein,"Ashmounein~Hermopolis Magna~Khmun~Ashmûnein, el-",,
x22601,Aswan,,modern,K,Upper Egypt,,Assouan,,
x312615,Aswan Dam,,modern,Q,Aswan,,Barrage,,
x30335,Asyut,,modern,K,Middle Egypt,,Assiut~Lykopolis~Zawty~Asyût~Siout~Syut~Assiout~Siut,,
x30466,Atfih,,modern,Q,Middle Egypt,,Aphroditopolis~'Atfin,,
x39936,Athribis,,modern,Q,Tell Atrib,,,,
x116116,Athribite Nome,,archaic,I,Lower Egypt,,Athribis~Athribite~Αθριβιτης Νομος,,Nome (administrative district of Ancient Egypt).
x30779,Attarin Mosque,,modern,Q,Alexandria (Egypt),,,,Previously the Church of St Athanasius.
x312590,Avenue de Lesseps,,modern,Q,Ismailiya,,,,"It has not be possible to identify this place in an atlas or a gazetteer. Records suggest that it is in Ismailiya, Egypt."
x30605,Awlad Yehia,,modern,Q,Girga,,Awlad Ali,,
x61050,"Azam, El-",,modern,O,Upper Egypt,El-Azam,"El-Azam~Azam, El~Azzam, El-~El-Azzam",,
x21337,Bab al-Nasr,,modern,Q,Fustat,,Bâb en Nasr,,
x112210,Bab Zuweila,,modern,Q,Cairo,,,,
x32409,Babil,Egypt,modern,K,Nile Delta,,,,
x30492,"Badari, el-",,modern,Q,Upper Egypt,El-Badari,El-Badari,,
x22860,Bahariya Oasis,,modern,Q,Western Desert,,Baharíya Oasis~Baharia Oasis,,
x30343,Bahbit el-Higara,,modern,Q,Nile Delta,,,,
x61026,Bahriya Oasis,,modern,G,Western Desert,,Bahriyah Oasis,,
x30542,"Ballas, el-",,modern,Q,Upper Egypt,El-Ballas,El-Ballas,,
x22786,Barqiyya,,modern,I,Egypt,,,,
x58813,Bashindi,,modern,O,Dakhla Oasis,,,,
x29031,Bathen el-Baqarah,,modern,K,Lower Egypt,,,,
x58816,Bawiti,,modern,O,Bahriya Oasis,,,,
x30669,"Bawiti, el-",,modern,Q,Western Desert,El-Bawiti,El-Bawiti,,
x30430,Beit Khallaf,,modern,Q,Upper Egypt,,,,
x108428,Belaida,historic,modern,Q,Kharga Oasis,,,,
x30333,Benha,,modern,K,Nile Delta,,Benhah~Benha el-Assal~Benha el-Asl,,"Benha, a modern town in the Delta. The site of the ancient town, Hwt-hry-ib or Hwt-tA-hry-ib (Egyptian)/Athribis (Greek)/Atrib (Coptic), is located nearby at Tell Atrib. A hoard of coins, also known as the Delta Hoard, was found in 1929 and attributed to Benha el-Asl. The modern town of Benha has now expanded over and around the remains of the ancient site of Athribis so that only a small area of flat wasteland remains among the modern blocks of flats (the site of Polish excavations since 1986)."
x27889,Beni Hasan,,modern,K,Middle Egypt,,Beni Hassan,,
x61042,Beni Suef,province,modern,E,Upper Egypt,,,,
x28979,Beni Suef,town,modern,K,Beni Suef (province),,,,
x30672,Bent Pyramid,,modern,Q,Dahshur (Memphis),,,,
x30305,Berenike,,archaic,K,Egypt,,,,
x58821,Biba,,modern,K,Beni Suef (province),,,,
x27888,Biban,,modern,K,Nile Delta,,,,
x30321,Biban el-Harim,Valley of the Queens - Thebes,modern,Q,Upper Egypt~Thebes (historic - Upper Egypt),,Valley of the Queens,,
x30304,Biban el-Muluk,Valley of the Kings - Thebes,modern,Q,Upper Egypt~Thebes (historic - Upper Egypt),,Valley of the Kings,,
x27709,Bilbeis,,modern,K,Nile Delta,,,,
x101732,Bir Kiseiba,,modern,G,Western Desert,,,,
x101728,Bir Sahara,,modern,G,Western Desert,,,,
x101731,Bir Tarfawi,,modern,G,Western Desert,,,,
x30527,Birket Qarun,,modern,G,Fayum,,"Moeris, Lake",,
x94946,Bisharim Umm Ali,,archaic,O,Egypt,,,,
x51729,Bubastis,,archaic,Q,Nile Delta,,,,
x116117,Bubastite Nome,,archaic,I,Lower Egypt,,Bubastis~Bubastite~Βουβαστιτης Νομος,,Nome (administrative district of Ancient Egypt).
x30589,Bucheum,Hermonthis,modern,Q,Armant~Hermonthis (historic - city),,,,
x30656,Bulaq,,modern,Q,Western Desert,,,,
x108804,Bulaq Pass,,modern,Q,Kharga Oasis,,,,
x31889,Burg el-Arab,,modern,Q,Nile Delta,,,,
x116115,Busiris,,archaic,K,Lower Egypt,,,,
x51730,Busirite Nome,,archaic,I,Lower Egypt,,Busiris~Busirite~Βουσιριτης Νομος,,Nome (administrative district of Ancient Egypt).
x51731,Cabasite Nome,,archaic,I,Lower Egypt,,Cabasis~Cabasite~Καβασιτης Νομος,,Nome (administrative district of Ancient Egypt).
x30633,Cache of the Priests of Montu,Thebes,modern,Q,Upper Egypt~Thebes (historic - Upper Egypt),,,,
x30715,Caesarium,,modern,Q,Alexandria (Egypt),,,,
x21088,Cairo,,modern,K,Nile Delta,,El-Qahirah~Al-Qahirah~Al Qāhirah~Le Caire~Kairo~El-Qâhira~El Kahirah~El Kahira~Misr~Masr,,
x30525,Campbell's Tomb,,modern,Q,Giza (Memphis),,,,
x40675,Canopus,,archaic,K,Abuqir,,Kanopos~Kanopus,,
x327837,Cave of Swimmers,,modern,Q,Wadi Sura,,,,
x116539,Cemetery,Naukratis,modern,Q,Naukratis,Cemetery,,,
x21073,Chadwan Island,,modern,Q,"Suez, Gulf of",,,,
x30733,Chapel of Intef,Abydos,modern,Q,Upper Egypt~Abydos,,,,
x30725,Chapel of Ptolemy II,,modern,Q,San el-Hagar,,,,
x109748,Chapel of Sesostris,,modern,Q,Karnak (Thebes),,,,
x30576,Chapel of the King's Statue,,modern,Q,"Amarna, el-",,,,
x93951,Chareu El Nouby,,modern,Q,Cairo,,,,
x29033,Chebris,,modern,O,Nile Delta,,Chobrakhit,,Village north of Cairo; site of a battle between French and Arab forces during Napoleon's Egypt campaign.
x29019,Chnubis,,archaic,K,Egypt,,,,
x30668,Church of St John,,modern,Q,Esna,,,,
x314121,Colmar Street,,modern,Q,Suez,,,,
x312656,Column of Menasce,,modern,Q,Alexandria (Egypt),,,,
x31963,Com Washim,,modern,Q,Nile Delta,,Washum,,
x310194,Consul Square,,modern,Q,Alexandria (Egypt),,,,
x101848,Contra Latopolis,,modern,Q,"Hilla, el-",,,,Contra Latopolis is the classical name for the ancient site opposite Esna (Latopolis) on the other side of the Nile. The modern name of the location is El-Hilla.
x51755,Coptite Nome,,archaic,I,Upper Egypt,,Coptos~Coptite~Κοπτειτης Νομος,,Nome (administrative district of Ancient Egypt).
x40682,Coptos,historic - city,archaic,K,Qift,Coptos,Koptos,,
x30769,Cynopolis,,archaic,K,Egypt,,,,"Greek name for a city associated with Anubis, exact location unknown."
x116094,Cynopolite Nome,,archaic,I,Middle Egypt,,Cynopolis~Cynopolite~Κυνοηολιτης Νομος,,Nome (administrative district of Ancient Egypt).
x30565,Cypriote Tomb,,modern,Q,Tell Nabasha,,,,
x30356,Dahshur,Memphis,modern,Q,Lower Egypt~Memphis (Egypt),,,,
x64162,Dakhla Oasis,,modern,G,Western Desert,,,,
x30373,"Dakka, al-",Nubia,modern,Q,Egypt~Nubia (Africa),al-Dakka (Nubia),"Pselchis~El-Dakka~Dakka, el-",,
x30389,Damanhur,,modern,K,Nile Delta,,Damanhûr,,
x107344,Damietta,,modern,K,Nile Delta,,Dumyat,,Port
THES236022,Dar al-Qada'a al-'Ali,,modern,Q,Cairo,,High Court House,,
x58824,Dashtut,,modern,O,Beni Suef (province),,,,
x107377,Dayr al-Fakhuri,,modern,Q,Egypt~Nubia (Africa),,Deir el-Fakhuri,,
x40752,Deir Bablun,,modern,Q,Cairo,,,,"Coptic convent on Roda Island, Old Cairo."
x30663,Deir Balyza,,modern,Q,Upper Egypt,,,,
x94963,Deir el Balah,,modern,K,Egypt,,,,
x30327,Deir el-Bahri,Thebes,modern,Q,Upper Egypt~Thebes (historic - Upper Egypt),,Deir el Bahri,,
x30412,Deir el-Bersha,,modern,Q,Middle Egypt,,,,
x30738,Deir el-Dyk,,modern,Q,Upper Egypt,,Deir-el-Dyk,,Probably in vicinity of Akhmim.
x30555,Deir el-Ezba,Thebes,modern,Q,Upper Egypt~Thebes (historic - Upper Egypt),,,,
x30318,Deir el-Medina,Thebes,modern,Q,Upper Egypt~Thebes (historic - Upper Egypt),,,,
x30665,Deir Manaos,,modern,Q,Upper Egypt,,,,
x30518,Deir Rifa,,modern,Q,Middle Egypt,,Deir Rifeh,,
x30502,Deir Tasa,,modern,Q,Upper Egypt,,,,
x312591,Delta Barrage,,modern,Q,Cairo,,Barrage Bridge~Nile Barrage,,
x109570,Demhid,,modern,Q,Upper Egypt,,,,14 miles south of Aswan.
x28990,Dendara,,modern,Q,Upper Egypt,,Tentyris~Dendera~Denderah,,
x30395,"Derr, al-",Nubia,modern,Q,Egypt~Nubia (Africa),El-Derr (Nubia),"El-Derr~Derr, el-",,
x30498,Dimai,,modern,Q,Fayum,,Soknopaiou Nesos,,
x51756,Diopolite Nome,Magna,archaic,I,Upper Egypt,,Diospolis Magna~Diopolite~Διοπολιτης Νομος Μεγας,,Nome (administrative district of Ancient Egypt).
x51264,Diopolite Nome,Parva,archaic,I,Lower Egypt,,Diospolis Parva~Diopolite~Διοπολιτης Νομος,,Nome (administrative district of Ancient Egypt).
x30408,Dishasha,,modern,Q,Middle Egypt,,,,
x28985,Djedet,,archaic,K,Nile Delta,,,,
x30313,Dra Abu el-Naga,Thebes,modern,Q,Upper Egypt~Thebes (historic - Upper Egypt),,,,
x27706,Dueidar,,modern,Q,Sinai,,,,
x30353,Eastern Desert,,modern,D,Egypt,,,,
x316142,Eastern Exchange Hotel,,modern,Q,Port Said,,,,
x316145,Eden Palace Hotel,,modern,Q,Cairo,,,,
x22737,Edfu,,modern,K,Upper Egypt,,,,
x30372,Edwa,,modern,Q,Egypt,,,,Exact location unknown.
x17904,Egypt,,modern,C,Africa,,Middle East,,"The term 'nome' refers to an administrative district of Ancient Egypt. The term nome (from the Greek “nomos” meaning district) came into usage from the Ptolemaic period (late 4th century BC onwards). This name replaced the original Egyptian district name “sepat”. The nome remained an administrative district until the early 4th century AD when smaller units, “pagi”, were formed. Over the years the borders of these nomes fluctuated but were mostly centred upon a town after which the nome was usually named, e.g. Memphis was the main town of the Memphite Nome. N.B. For places n Egypt, the term 'Gebel' is used in preference to 'Jebel' to reflect local pronounciation. For places in Sudan and the Middle East, the term 'Jebel' is used in preference."
x285745,Egyptian Museum,,modern,Q,Egypt,,Museum of Egyptian Antiquities~Museum of Cairo,,The Egyptian Museum is located in Cairo.
x113255,El Marg,,modern,K,Cairo,,Marg~Al Marj,,
x117313,El Wasta,,modern,K,Egypt,,,,Bani Sweif
x312231,El-Kanais,,modern,Q,Egypt,,,,
x114710,El-Sharuna,,modern,Q,Middle Egypt,,,,Site on east bank of Nile in Middle Egypt.
x29006,Elephantine,,modern,Q,Aswan,,Elephantine Island,,
x30554,Elkab,,modern,Q,Upper Egypt,,Eileithyiaspolis~Nekheb,,
x61049,Embaba,,modern,K,Cairo,,,,
x109569,Ermant,historic,modern,Q,Upper Egypt,,,,
x29003,Esna,,modern,K,Upper Egypt,,Isna~Iunyt~Senet~Tasenet,,
x30706,Estate of the Greatest of Seers,historic,modern,Q,Egypt,,,,Exact location unknown.
x94962,Ezbekia Gardens,,modern,Q,Cairo,,Esbekiyeh,,
x61028,Farafra Oasis,,modern,G,Western Desert,,,,
x22543,Fayum,,modern,G,Middle Egypt,,"Faiyum~Faiyûm, el~El-Faiyum~Fayyum",,
x312625,Ferdinand de Lesseps,,modern,Q,Port Said,,,,The statue of Ferdinand de Lesseps used to stand at the entrance to the Suez Canal. It is now in a Port Fuad shipyard.
x30746,Festival Hall of Thutmose III,,modern,Q,Temple of Amun,,,,
x322747,First Cache,,modern,Q,Deir el-Bahri (Thebes),,First Royal Cache,,"Theban Tomb (TT) 320 is located next to Deir el-Bahari in the Theban necropolis and contained an extraordinary cache of mummified remains and funeral equipment of more than 50 kings, queens, royals and their nobility. The tomb may have originally belonged to the High Priest of Amun Pinedjem II, his wife Nesikhons and other close family members. At the time of Pinudjem’s death around 969 BC, mummies from former dynasties that were vulnerable to grave robbers were moved that in a collective efforts to protect them."
x113994,First Temple of Apollo,Naukratis,modern,Q,Sanctuary of Apollo (Naukratis),First Temple of Apollo,,,
x30749,Fort Saint Julien,,modern,Q,"Rashid, el-",,,,
x105450,Fostat,,archaic,K,Fustat,,,,
x21156,Fustat,,modern,K,Cairo,,Fustat~el-Fustat~Fustat Misr,,
x109587,Gabanet el Giroud,,modern,Q,Upper Egypt,,,,
x109034,Gala Hill,,modern,Q,Kharga Oasis,,,,
x60787,Galala al Qibliya Mountains,,modern,G,Eastern Desert,,,,
x94568,Gate of Conquest,,modern,Q,Cairo,,,,
x94569,Gate of Victory,,modern,Q,Cairo,,,,
x64007,Gebel Ayn,,modern,I,Upper Egypt,,,,
x30877,Gebel el-Silsila,,modern,Q,Upper Egypt,,,,
x30585,Gebel Kibli,,modern,Q,Lower Egypt,,,,
x22569,Gebel Shekh Umbarak,,modern,Q,Middle Egypt,,Jebel Sheikh Embarak~Gebel Sheikh Mubarak~Djebel She Umbarak,,Near el-Hiba.
x29005,Gebelein,,modern,K,Upper Egypt,,Aphroditopolis(ii)~Pathyris~Per-Hathor,,
x30506,Ghabbat,,modern,Q,Upper Egypt,,,,
x94621,Ghazira,Egypt,modern,O,Egypt,,"Gezîram, El",,
x31772,Ghita,,modern,Q,Nile Delta,,Gheyta,,
x101727,Gilf Kebir,,modern,G,Western Desert,,,,
x29024,Girga,,modern,K,Upper Egypt,,Tjeny,,
x109598,Girgeh,,modern,K,Sohag,,Girga~Jirga,,
x30639,Girza,,modern,Q,Fayum,,,,
x21091,Giza,Memphis,modern,Q,Lower Egypt~Memphis (Egypt),,"Gîza, El",Tomb of Qar,
x109059,Gorn al-Gennah,,modern,Q,Kharga Oasis,,Gorn El Gennah,,
x39988,Grave of Archbishop Timotheus,,modern,Q,Qasr Ibrim (Nubia),,,,
x116542,Great Mound,,modern,Q,Great Temenos,,,,
x30593,Great Palace,el-Amarna,modern,Q,"Amarna, el-",,,,
x101726,Great Sand Sea,,modern,G,Western Desert,,,,
x116541,Great Temenos,,modern,Q,Naukratis,,,,
x30385,Gumaiyima,,modern,Q,Nile Delta,,,,
x28993,Gurna,,modern,Q,Qurna (Thebes),,,,
x30590,Gurob,,modern,Q,Fayum,,,,
x30494,Hammamiya,,modern,Q,Upper Egypt,,,,
x113689,Harageh,,modern,K,Fayum,,,,
x115171,Harrania,,modern,Q,Egypt,,Harraniya,,"Harraniya village, Egypt."
x30365,Hawara,,modern,Q,Fayum,,,,
x95768,Heliopolis,historic - Egypt,archaic,Q,Lower Egypt,,Tell Hisn~Iunu~On,,
x116118,Heliopolite Nome,,archaic,I,Lower Egypt,,Heliopolis~Heliopolite~Ηλιοπολειτης Νομος,,Nome (administrative district of Ancient Egypt).
x30404,Hellenion,Naukratis,modern,Q,Naukratis,,Panhellenion-Temenos,,
x95337,Helouan,,modern,Q,Lower Egypt,,,,near Cairo
x51752,Heracleopolite Nome,,archaic,I,Middle Egypt,,Heracleopolis~Heracleopolite~Ηρακλεοπολειτης Νομος,,Nome (administrative district of Ancient Egypt).
x29002,Hermonthis,historic - city,archaic,K,Armant,,,,
x116125,Hermonthite Nome,,archaic,I,Upper Egypt,,Hermonthis~Hermonthite~Ερμωνθιτης Νομος,,Nome (administrative district of Ancient Egypt).
x28984,Hermopolis,,archaic,Q,"Ashmunein, el-",,,,
x116124,Hermopolite Nome,,archaic,I,Middle Egypt,,Hermopolis~Hermopolite~Ερμοπολιτης Νομος,,Nome (administrative district of Ancient Egypt).
x30635,Hezab,,modern,Q,Upper Egypt,,,,
x30644,"Hiba, el-",,modern,Q,Middle Egypt,El-Hiba,"Ankyronon Polis~Hibeh~Teudjoi~Hibeh, el-",,
x29008,Hierakonpolis,,archaic,Q,Kom el-Ahmar,,,,
x101849,"Hilla, el-",,modern,Q,Latopolis,El-Hilla,el-Hilla,,
x30445,"Hissaya, al-",,modern,Q,Upper Egypt,al-Hissaya,"El-Hissaya~Hissaya, el-",,Cemetery site near Esna.
x30413,Hiw,,modern,K,Upper Egypt,,Diospolis Parva~Hut~Hut-Sekhem,,
x312588,Hospital of St Vincent de Paul,,modern,Q,Ismailiya,,,,
x30382,House of Ashaikhet,,modern,Q,San el-Hagar,,House of Bakakhuiu,,
x30737,House of Aten,,modern,Q,"Amarna, el-",,,,
x30681,House of Panhesy,,modern,Q,"Amarna, el-",,,,
x56529,Hulwan,,modern,K,Lower Egypt,,Helwan,,
x51757,Hypselite Nome,,archaic,I,Upper Egypt,,Hypselis~Hypselite~Υψηλιτης Νομος,,Nome (administrative district of Ancient Egypt).
x30780,Ibn Tulun Mosque,,modern,Q,Cairo,,Ibn Toulon Mosque,,
x30441,Ihnasya el-Medina,,modern,K,Middle Egypt,,Henen-Nesut~Herakleopolis Magna~Herakleopolis,,
x22592,Islamic Museum,,modern,Q,Cairo,,,,
x94966,Ismailiya,,modern,K,Egypt,,Ismâ'ilîya~Ismailiya~Isma'iliya~Ismailia,,
x58817,Isna,,modern,K,Upper Egypt,,,,
x94964,Jabi,Egypt,modern,O,Egypt,,,,
x30664,Kalabsha,,modern,Q,Egypt~Nubia (Africa),,Kelabsche~Talmis,,
x30771,Kamoula,Thebes,modern,Q,Upper Egypt~Thebes (historic - Upper Egypt),,,,
x27307,Karnak,Thebes,modern,Q,Upper Egypt~Thebes (historic - Upper Egypt),,,,
x94809,"Karoon, Lake",,modern,G,Fayum,Lake Karoon,,,
x27705,Kelab,,modern,K,Egypt,,,,
x61023,Kerdassa,,modern,O,Egypt,,,,
x30459,Kharga,,modern,K,Kharga Oasis,Kharga,"El-Kharga~Kharga, el-",,
x64165,Kharga Oasis,,modern,G,Western Desert,,,,
x109038,Kharran Mountain,,modern,Q,Kharga Oasis,,Gebel Kharran,,
x30574,"Khatana, el-",,modern,Q,Nile Delta,El-Khatana,El-Khatana,,
x30460,Khizam,,modern,Q,Upper Egypt,,,,
x94956,Kitchener Island,,modern,G,Egypt,,,,
x30513,Kom Abu Billo,,modern,Q,Nile Delta,,"Terenuthis~Terrana, et-~Ternouthe",,
x30612,Kom Afrin,,modern,Q,Nile Delta,,,,
x30535,Kom Aushim,,modern,Q,Fayum,,Karanis,,
x30366,Kom el-Ahmar,,modern,Q,Upper Egypt,,Hebenu~Hierakonpolis~Nekhen,,
x30626,Kom el-Dahab,,modern,Q,Tell el-Farain,,,,
x30566,Kom el-Kanater,,modern,Q,Nile Delta,,,,
x30362,Kom el-Kharaba el-Kebir,,modern,Q,Fayum,,Philadelphia,,
x30770,Kom Fares,,modern,Q,Fayum,,,,
x22573,Kom Faris,,modern,Q,Medinet el-Faiyum,,,,
x277936,Kom Hadid,,modern,Q,Naukratis,,,,An area of the Naukratis site.
x31280,Kom Helul,Memphis,modern,Q,Lower Egypt~Memphis (Egypt),,,,
x30364,Kom Medinet Ghurab,,modern,Q,Fayum,,Kom el-Ghurab,,
x29021,Kom Ombo,,modern,Q,Upper Egypt,,Kôm Ombo,,
x30629,Kum Zimran,,modern,Q,Egypt,,,,Exact location unknown.
x58825,Kumbush el-Hamra,,modern,O,Beni Suef (province),,,,
x58823,"Lahem, el-",,modern,O,Fayum,El-Lahem,El-Lahem,,
x28974,"Lahun, el-",,modern,K,Fayum,El-Lahun,Kahun~Ptolemais Hormos~El-Lahun,,
x29004,Latopolis,,modern,K,Esna,,,,
x31129,Latopolis Magna,,modern,Q,Egypt,,,,
x51758,Latopolite Nome,,archaic,I,Upper Egypt,,Latopolis~Latopolite~Λατοπολιτης Νομος,,Nome (administrative district of Ancient Egypt).
x51732,Leontopolite Nome,,archaic,I,Lower Egypt,,Leontopolis~Leontopolite~Λεοντοπολιτης Νομος,,Nome (administrative district of Ancient Egypt).
x51733,Letopolite Nome,,archaic,I,Lower Egypt,,Letopolis~Letopolite~Λητοπολιτης Νομος,,Nome (administrative district of Ancient Egypt).
x29027,Leukos Limen,,archaic,K,Quseir,,,,
x116130,Libyan Nome,,archaic,I,Lower Egypt,,Libya~Libyian,,Nome (administrative district of Ancient Egypt).
x30411,"Lisht, el-",,modern,Q,Middle Egypt,El-Lisht,El-Lisht,,
x30300,Lower Egypt,,modern,D,Egypt,,,,
x51746,Lower Sebennyte Nome,,archaic,I,Lower Egypt,,Lower Sebennys~Lower Sebennyte~Σεβεννυτης Νομος Κατω Τοπων,,Nome (administrative district of Ancient Egypt).
x27052,Luxor,Thebes,modern,K,Upper Egypt~Thebes (historic - Upper Egypt),,Diospolis Magna~No~El-Usqur~Waset,,
x51759,Lycopolite Nome,,archaic,I,Middle Egypt,,Lycopolis~Lycopolite~Λυκοπολιτης Νομος,,Nome (administrative district of Ancient Egypt).
x115961,Maadi,,modern,K,Cairo,,,,"Suburb of Cairo, Egypt."
x30648,"Mabda, el-",,modern,Q,Middle Egypt,El-Mabda,El-Mabda,,
x298153,Magharat el-Kantara,,modern,Q,Wadi Wassa,,,,
x103070,"Maghrib, al-",,archaic,Q,Egypt,Al-Maghrib,,,Travelling mint.
x30559,"Mahalla el-Kubra, el-",,modern,Q,Nile Delta,El-Mahalla el-Kubra,El-Mahalla el-Kubra,,
x30758,"Maharraqa, el-",Nubia,modern,Q,Egypt~Nubia (Africa),El-Maharraqa (Nubia),Hierasykaminos~Maharraka~El-Maharraqa,,
x30461,"Mahasna, el-",,modern,Q,Upper Egypt,El-Mahnasa,El-Mahnasa,,
x310181,Mahmoudiya Canal,,modern,Q,Alexandria (Egypt),,al-Mahmoudiyah Canal~Mahmoudia Canal,,
x28973,Maidum,,modern,K,Fayum,,,,
x30643,Makattam,,modern,Q,Cairo,,,,
x30591,"Malqata, el-",Thebes,modern,Q,Upper Egypt~Thebes (historic - Upper Egypt),El-Malqata (Thebes),El-Malqata,,
x58809,Mandisha,,modern,O,Bahriya Oasis,,,,
x30645,Manfalut,,modern,Q,Middle Egypt,,,,
x56550,"Mansurah, al-",,modern,K,Lower Egypt,Al-Mansurah,,,
x22788,"Manzala, Lake",,modern,G,Nile Delta,Lake Manzala,,,
x28969,Marabou,,modern,Q,Alexandria (Egypt),,,,Fortified island protecting the entrancew to the great harbour at Alexandria.
x117487,Marah,,modern,Z,Egypt,,,,"One of thesites which the Torah identifies as having been travelled through by the Israelites during the Exodus. In Egypt, exact geographical location uncertain."
x51734,Mareote Nome,nome,archaic,I,Lower Egypt,,Mareotis~Mareote~Μαρεωτης Νομος,,Nome (administrative district of Ancient Egypt).
x30782,"Mareotis, Lake",,archaic,G,"Mariut, Lake",Lake Mareotis,,,
x30781,"Mariut, Lake",,modern,G,Nile Delta,Lake Mariut,,,
x61022,Marsa Matruh,,modern,K,Egypt,,,,
x30773,Maruaten,,modern,Q,"Amarna, el-",,,,
x58776,Masara,,modern,O,Cairo,,,,
x108813,Matana Pass,,modern,Q,Kharga Oasis,,,,
x30339,Matariya,,modern,Q,Nile Delta,,,,
x30503,Matmar,,modern,Q,Upper Egypt,,,,
x64002,Mattrack,,modern,O,Upper Egypt,,,,Near Dendera.
x58832,Mazura,,modern,O,Beni Suef (province),,,,
x30716,Medamud,,modern,Q,Upper Egypt,,,,
x30524,Medinet el-Faiyum,,modern,K,Fayum,,"Arsinoe, Faiyum~Crocodilopolis~Krokodilopolis~Medinet el-Faiyûm~Shedet",,
x30763,Medinet el-Gashel,,modern,Q,Egypt,,,,Exact location unknown.
x28994,Medinet Habu,Thebes,modern,Q,Upper Egypt~Thebes (historic - Upper Egypt),,,,
x30468,Meir,,modern,Q,Middle Egypt,,,,
x31181,Memnonia,Thebes,modern,Q,Upper Egypt~Thebes (historic - Upper Egypt),,,,
x21090,Memphis,Egypt,archaic,K,Lower Egypt,Memphis,,,
x116119,Memphite Nome,,archaic,I,Lower Egypt,,Memphis~Memphite~Μεμφειτης Νομος,,Nome (administrative district of Ancient Egypt).
x93950,Mena,,modern,Q,Giza (Memphis),,,,
x51735,Mendesian Nome,,archaic,I,Lower Egypt,,Mendes~Mendesian~Μενδησιος Νομος,,Nome (administrative district of Ancient Egypt).
x51736,Menelaite Nome,,archaic,I,Lower Egypt,,Menelais~Menelaite~Μενελαειτης Νομος,,Nome (administrative district of Ancient Egypt).
x27814,"Meredith, Mount",,modern,G,Sinai,Mount Meredith,Mt Meredith,,
x31800,Mersa Matruh,,modern,Q,Lower Egypt,,Paraetonium,,
x51737,Metelite Nome,,archaic,I,Lower Egypt,,Metelis~Metelite~Μετηλιτης Νομος,,Nome (administrative district of Ancient Egypt).
x30331,Middle Egypt,,modern,G,Egypt,,,,
x40687,Miniet esh Shurajeh,,modern,Q,Lower Egypt,,,,
x28982,Minya el-Qamh,,modern,Q,Nile Delta,,,,
x30878,"Minya, el-",,modern,K,Middle Egypt,El-Minya,Minyeh~El-Minya~Minya~Men'at Khufu~Tmoone~Thmonē~Minieh,,In Minya governate.
x22588,Misr,,modern,Q,Egypt,,,,
x30350,Mit Rahina,Memphis,modern,O,Lower Egypt~Memphis (Egypt),,Ankh-Tawy~Ineb-Hedj~Mennufer~Mit Riheina~Mitrahenny,,Mit Rahina is the modern village on the north end of the ancient site of Memphis.
x30794,Monastery of Apa Apollo,,modern,Q,"Bawiti, el-",,,,
x30662,Monastery of Apa Jeremias,,modern,Q,Saqqara (Memphis),,,,
x110133,Monastery of Apa Thomas,,modern,Q,Wadi Sarga,,,,Excavated by Reginald Campbell Thompson 1913-1914.
x30440,Monastery of St Phoibammon,,modern,Q,Deir el-Bahri (Thebes),,Monastery of Phoibammon,,
x39987,Monastery of the Virgin,,modern,Q,Wâdi el-Natrûn,,,,
x29804,Montaza Bay,,modern,Q,Alexandria (Egypt),,,,
x30495,Mortuary Temple of Nebwennef,Thebes,modern,Q,Upper Egypt~Thebes (historic - Upper Egypt),,,,
x22754,Mosque of al-Mu'ayyad,,archaic,Q,Cairo,,,,
x22779,Mosque of Al-Nasir Muhammad,,modern,Q,Cairo,,,,
x113914,Mosque of Qanibay al-Saifi,,modern,Q,Cairo,,Mosque of Qani-Bay Al-Rammah,,
x30491,Mostagedda,,modern,Q,Upper Egypt,El-Mustagidda,"El-Mostagidda~El-Mustagidda~Mustagidda, el-",,
x31377,Mudros,,modern,Q,Lower Egypt,,,,
x58831,Mugura,,modern,O,Beni Suef (province),,,,
x109747,Muhammad Ali Mosque,,modern,Q,Cairo,,Mohammed Ali Mosque~Alabaster Mosque,,
x22894,"Mustansir, el-",,modern,Q,Egypt,El-Mustansir,El-Mustansir,,Exact location unknown.
x58810,Mut,,modern,K,Dakhla Oasis,,,,
x101812,Nabta Playa,,modern,G,Western Desert,,,,
x108814,Nadura,historic,modern,Q,Kharga Oasis,,,,
x30735,Nag el-Deir,,modern,Q,Upper Egypt,,,,
x30507,Nag el-Ghabat,,modern,Q,Upper Egypt,,,,
x30336,Nag el-Madamud,,modern,Q,Upper Egypt,,Madu,,
x29017,Naqada,,modern,K,Upper Egypt,,Es-Saoniya,,
x94947,"Nasser, Lake",,modern,G,Egypt~Nubia (Africa),Lake Nasser,,,
x113864,Naukratis,,modern,Q,Nile Delta,,Naucratis~El-Nebira~El-Noqrash~Kom Geif,,"The villages of Kom Ga‘ief (Kom Geif), El-Nebira and  El-Noqrash  are located on the site of ancient Naukratis."
x116120,Naukratis Nome,,archaic,I,Lower Egypt,,,,Nome (administrative district of Ancient Egypt).
x58818,Nazlet Ma'gun Bey,,modern,O,Beni Suef (province),,,,
x310195,Nebi Daniel Mosque,,modern,Q,Alexandria (Egypt),,,,
x51739,Nesyte Nome,,archaic,I,Lower Egypt,,Nesut~Nesyte,,Nome (administrative district of Ancient Egypt).
x312232,New Kalabsha,,modern,Q,Egypt,,,,
x31655,Nicopolis,Egypt,modern,Q,Ramleh,,,,
x30301,Nile Delta,,modern,G,Lower Egypt,,,,
x30606,North Palace,Amarna,modern,Q,"Amarna, el-",,,,
x310182,Nouzha Gardens,,modern,Q,Alexandria (Egypt),,,,
x93928,Okelle Abro,,modern,Q,Alexandria (Egypt),,,,
x51760,Ombite Nome,,archaic,I,Upper Egypt,,Ombis~Ομβιτης Νομος~Ombite,,Nome (administrative district of Ancient Egypt).
x29020,Ombos,,archaic,K,Upper Egypt,,,,
x51740,Onuphite Nome,,archaic,I,Lower Egypt,,Onuphis~Ονουφιτης Νομος~Onuphite,,Nome (administrative district of Ancient Egypt).
x312913,Opera Square,,modern,Q,Cairo,,,,
x30355,Osireion,Abydos,modern,Q,Upper Egypt~Abydos,,,,
x51753,Oxyrhynchite Nome,,archaic,I,Middle Egypt,,Oxyrhynchus~Oxyrhynchite~Οξυρυγχειτης Νομος,,Nome (administrative district of Ancient Egypt).
x22833,Oxyrhynchus,city,archaic,K,Middle Egypt~Oxyrhynchite Nome,,"Bahnasa, el~Bahnasa, el-~Per-Medjed",,Oxyrhynchus is an archaeological site best known for an extensive collection of papyri dating from the Ptolemaic and Roman periods. The modern names for Oxyrhynchus is 'el-Bahnasa' and the ancient Egyptian hieroglyphic name was 'Per-Medjed'.
x30592,Palace of Amenhotep III,,modern,Q,"Malqata, el- (Thebes)",,,,
x30602,Palace of Merenptah,,modern,Q,Mit Rahina (Memphis),,,Temple of Proteus (Memphis),
x30614,Palace of Ramses III,Tell el-Maskhuta,modern,Q,Tell el-Maskhuta,,,,
x30624,Palace of Ramses III,Tell el-Yahudiya,modern,Q,Tell el-Yahudiya,,,,
x31616,Palace of Trajan,,modern,Q,Ramleh,,,,
x40643,Panopolis,historic - city,archaic,K,Akhmim,,,,
x116126,Panopolite Nome,,archaic,I,Upper Egypt,,Panopolis~Panopolite~Πανοπολιτης Νομος,,Nome (administrative district of Ancient Egypt).
x51262,Pelusium,,archaic,K,Lower Egypt,,,,
x116121,Pelusium Nome,,archaic,I,Lower Egypt,,Pelusium~Πελουσιον,,Nome (administrative district of Ancient Egypt).
x30766,Per-Ramses,,archaic,K,Nile Delta,,,,
x22574,Philae,,modern,Q,Upper Egypt,,,,
x51741,Phthemphuthite Nome,,archaic,I,Lower Egypt,,Phthemphythis~Phthemphuthite~Φθεμφουθιτης Νομος,,Nome (administrative district of Ancient Egypt).
x51742,Phthenote Nome,,archaic,I,Lower Egypt,,Phtheneutis~Phthenote~Φθενοτης Νομος,,Nome (administrative district of Ancient Egypt).
x93929,Place des Consuls,,modern,Q,Alexandria (Egypt),,,,
x93927,Place Mehemet Aly,,modern,Q,Alexandria (Egypt),,,,
x30360,Pois,Thebes,modern,Q,Upper Egypt~Thebes (historic - Upper Egypt),,,,
x30785,Pompey's Pillar,,modern,Q,Alexandria (Egypt),,,,
x94961,Port Said,,modern,K,Egypt,,,,
x310196,Post Office Street,,modern,Q,Alexandria (Egypt),,,,It has not been possible to identify the current place name in Alexandria.
x51743,Prosopite Nome,,archaic,I,Lower Egypt,,Prosopis~Prosopite~Προσωπιτης Νομος,,Nome (administrative district of Ancient Egypt).
x30567,Psiathous,,modern,Q,Upper Egypt,,,,
x30675,Pyramid of Amenemhat III,,modern,Q,Hawara,,,,
x30747,Pyramid of Kakai,,modern,Q,Abusir (Memphis),,,,
x30655,Pyramid of Khafra,,modern,Q,Giza (Memphis),,Second Pyramid,,
x30569,Pyramid of Khufu,,modern,Q,Giza (Memphis),,First Pyramid~Great Pyramid,,
x30615,Pyramid of Menkaura,,modern,Q,Giza (Memphis),,Third Pyramid,,
x30698,Pyramid of Pepy I,,modern,Q,Saqqara (Memphis),,,,
x30705,Pyramid of Radjedef,,modern,Q,Abu Rawash (Memphis),,,,
x30666,Pyramid of Sahura,,modern,Q,Abusir (Memphis),,,,
x30673,Pyramid of Senusret II,,modern,Q,"Lahun, el-",,,,
x30357,Pyramid of Senusret III,,modern,Q,Dahshur (Memphis),,,,
x30522,Pyramid of Unas,,modern,Q,Saqqara (Memphis),,,,
x117551,Qantara,,modern,K,Egypt,,Kantara,,
x30393,"Qantara, el-",,modern,K,Nile Delta,El-Qantara,"El-Qantara~Qantara, al-~Kantarah",,
x30599,Qantir,,modern,Q,Nile Delta,,,,
x30434,Qarara,,modern,Q,Middle Egypt,,,,
x109049,Qasr al-Ghwayta,historic,modern,Q,Kharga Oasis,,Ghuata,,
x108815,Qasr al-Labekha,historic,modern,Q,Kharga Oasis,,,,
x58811,Qasr Dakhla,,modern,O,Dakhla Oasis,,,,
x30394,Qasr el-Bint el-Yehudi,,modern,Q,Tell Dafana,,,,
x94928,Qasr el-Nil,,modern,Q,Cairo,,Kasr el-Nil,,
x30497,Qasr el-Sagha,,modern,Q,Fayum,,,,
x22898,Qasr Ibrim,Nubia,modern,Q,Egypt~Nubia (Africa),,,,
x58814,Qasr Kharga,,modern,K,Kharga Oasis,,,,
x30427,"Qasr Wa-l-Saiyad, el-",,modern,Q,Upper Egypt,El-Qasr Wa-l-Saiyad,Chenoboscium~Khenoboskion~El-Qasr Wa-l-Saiyad,,
x30552,"Qatta, el-",,modern,K,Nile Delta,El-Qatta,Henet~El-Qatta,,
x30493,Qaw el-Kebir,,modern,Q,Upper Egypt,,"Antaeopolis~Djew-Qa~Etmaniya, el-~Tjebu~Qâu el-Kebir",,
x22915,Qena,,modern,K,Upper Egypt,,Kaine~Keneh~Qina,,
x30406,Qift,,modern,K,Upper Egypt,,Gebtu~Quft~Koft~Qûft,,
x30744,Qis,,archaic,K,Middle Egypt,,Cusae,,
x94570,Quayt Bay,,modern,Q,Cairo,,,,
x28992,Qurna,Thebes,modern,Q,Upper Egypt~Thebes (historic - Upper Egypt),,,,
x22596,Qus,,modern,K,Upper Egypt~Apollinopolis Parva,,Apollinopolis Parva~Gesa~Gesy,,
x29026,Quseir,,modern,K,Eastern Desert,,,,
x108367,Ramesseum,,modern,Q,Karnak (Thebes),,Memnonium~Ramasseum,,The mortuary temple of the Egyptian pharaoh Ramesses II.
x30306,Ramesseum,Thebes,modern,Q,Upper Egypt~Thebes (historic - Upper Egypt),,,,
x27712,Ramleh,,modern,K,Nile Delta,,,,
x310183,Ramleh Boulevard,,modern,Q,Alexandria (Egypt),,,,
x316141,Ramleh Casino,,modern,Q,Alexandria (Egypt),,,,
x30439,Ramp of Thutmose II,,modern,Q,Deir el-Bahri (Thebes),,,,
x312614,Ramses Railway Station,,modern,Q,Cairo,,Misr Station~Ramses Station,,
x312882,Ras-el-Tin Palace,,modern,Q,Alexandria (Egypt),,Palace of Ras-El-Tine,,
x30728,"Rashid, el-",,modern,Q,Nile Delta,El-Rashid (Rosetta),el Rashid~el-Rashid~Rosetta,,
x30820,Red Mosque,,modern,Q,Cairo,,,,
x30674,Red Pyramid,,modern,Q,Dahshur (Memphis),,,,
x30553,Resemaf,,archaic,K,Egypt,,,,Exact location unknown.
x94942,Rifeh,,modern,Q,Upper Egypt,,,,
x64072,Riggeb,,modern,O,Egypt,,,,
x110155,Rizerqat Pass,,modern,Q,Kharga Oasis,,Rizehkat Pass~Rizeikat Pass,,
x27813,Romani,,modern,Q,Sinai,,,,
x32011,Rosetta Gate,,modern,Q,Alexandria (Egypt),,,,
x30515,Rubaiyat,,modern,Q,Middle Egypt,,,,
x30536,"Rubaiyin, el-",,modern,Q,Nile Delta,El-Rubaiyin,El-Rubaiyin,,
x108816,Rufuf Pass,,modern,Q,Kharga Oasis,,Refûf Pass,,
x30548,Sa el-Hagar,,modern,Q,Nile Delta,,Sais,,
x58819,Saft Rashin,,modern,O,Beni Suef (province),,,,
x116122,Sais,,archaic,K,Lower Egypt,,,,
x51744,Saite Nome,,archaic,I,Lower Egypt,,Sais~Saite~Σαειτης Νομος,,Nome (administrative district of Ancient Egypt).
x28976,Salmie,,modern,O,Lower Egypt,,,,"Village on the Rosetta Brach of the Nile, in the Delta, a little upstream from the town of Fuwa."
x30378,"Salmiya, el-",,modern,Q,Upper Egypt,El-Salmiya,El-Salmiya,,
x30386,Samannud,,modern,K,Nile Delta,,Sebennytos,,
x30337,San el-Hagar,,modern,K,Nile Delta,,Djannet,,
x316143,San Stefano Casino,,modern,Q,Alexandria (Egypt),,,,
x31500,Sanctuary of Aphrodite,Naukratis,modern,Q,Naukratis,,,,
x30604,Sanctuary of Apollo,Naukratis,modern,Q,Naukratis,Sanctuary of Apollo,,,
x31672,Sanctuary of Hera,Naukratis,modern,Q,Naukratis,Sanctuary of Hera,,,
x32099,Sanctuary of the Dioskouroi,Naukratis,modern,Q,Naukratis,,,,
x22556,Saqqara,Memphis,modern,Q,Lower Egypt~Memphis (Egypt),,Saqqâra,Tomb of Qar,
x21186,Sayyidná al-Husayn Shrine,,modern,Q,Cairo,,,,
x116540,Scarab Factory,,modern,Q,Naukratis,,,,
x322748,Second Cache,,modern,Q,Deir el-Bahri (Thebes),,Second Royal Cache,,"KV 35 in the Valley of the Kings in Egypt originally belonged to king Amenhotep II from the 18th Dynasty but was later used a mummy cache. Royal and high elite  mummies from the 18th, 19th, and 20th Dynasty were relocated here during the Third Intermediate Period and were identified by in inscriptions on their burial wrappings."
x31400,Second Temple of Apollo,Naukratis,modern,Q,Sanctuary of Apollo (Naukratis),Second Temple of Apollo,,,
x30689,Seheret,,modern,Q,Egypt,,,,Unidentified town or sanctuary mentioned in some papyri.
x30703,Sehetepaten,,archaic,K,Egypt,,,,Exact location unknown.
x312911,Seida Zenab Mosque,,modern,Q,Cairo,,Sayeda Zeinab Mosque,,
x105957,Seila,,modern,Q,Fayum,,,,
x30465,Semaina,,modern,Q,Upper Egypt,,Sameineh,,
x312910,Semaphore,,modern,Q,Alexandria (Egypt),,,,
x30330,Serabit el-Khadim,,modern,Q,Sinai,,,,
x29790,Serapeum,,modern,Q,Saqqara (Memphis),,,,
x51747,Sethroite Nome,,archaic,I,Lower Egypt,,Sethrois~Sethroite~Σεθρωειτης Νομος,,Nome (administrative district of Ancient Egypt).
x109037,"Shams, al-, Mountain",,modern,Q,Kharga Oasis,al-Shams Mountain,Gebel Es Shams,,
x58830,Shantur,,modern,O,Beni Suef (province),,,,
x30388,Sheikh Abd el-Qurna,Thebes,modern,Q,Upper Egypt~Thebes (historic - Upper Egypt),,,,
x30400,Sheikh Hamadeh,,modern,Q,Sohag,,,,
x29029,Sheikh Ibada,,modern,K,Middle Egypt,Sheikh Ibada,Sheikh Ibada,,"Sheikh Ibada is the modern village adjacent to, and now encroaching upon, the ancient city of Antinoupolis."
x30426,"Sheikh Said, el-",,modern,Q,Middle Egypt,El-Sheikh Said,El-Sheikh Said,,
x30579,Shibin el-Qanatir,,modern,K,Nile Delta,,,,
x31583,Shrine of Aphrodite,Hellenion,modern,Q,Hellenion (Naukratis),,,,
x30438,Shrine of Hathor,,modern,Q,Deir el-Bahri (Thebes),,,,
x30722,Shrine of Kemsit,,modern,Q,Temple of Mentuhotep,,,,
x29032,Shubra Khît,,modern,K,Nile Delta,,,,
x30433,Shunet el-Zebib,Abydos,modern,Q,Upper Egypt~Abydos,,,,
x30630,Shurafa,,modern,Q,Lower Egypt,,,,
x312881,Sidi Bishr,,modern,Q,Alexandria (Egypt),,,,
x28977,Sidmant,,modern,K,Fayum,,Sedment,,
x25958,Sinai,,modern,G,Egypt,,,,
x27436,"Sinai, Mount",,modern,G,Sinai,Mount Sinai,"Horeb, Mount~Mount Horeb",,
x35893,Sitt Miriam,,modern,Q,Cairo,,,,
x64102,Siwa Oasis,,modern,I,Egypt,,Siwa,,
x22877,Sohag,,modern,K,Upper Egypt,,,,
x277935,South Mound,,modern,Q,Great Temenos,,,,The mound in the southern part of the Great Temenos area of the Naukratis site.
x30575,Sphinx,Giza,modern,Q,Giza (Memphis),The Sphinx,,,
x30718,Sphinx Temple,,modern,Q,Sphinx (Giza),,,,
x57748,St Antony's Monastery,,modern,Q,Galala al Qibliya Mountains,,,,
x310431,St Catherine's Monastery,,modern,Q,Sinai,,Santa Katarina~Sacred Monastery of the God-Trodden,,
x35858,St Menas,,modern,Q,Alexandria (Egypt),,,,
x30348,Step Pyramid,,modern,Q,Saqqara (Memphis),,,,
x94333,Suez,,modern,K,Egypt,,,,
x21072,Suez Canal,,modern,Q,"Suez, Gulf of",,,,
x313849,Suez Port,,modern,Q,Suez,,Port Tewfik~Port Taufiq,,
x21071,"Suez, Gulf of",,modern,G,Egypt,,,,
x114892,Sultan Hassan Mosque,,modern,Q,Cairo,,,,
x108855,Sultan Quayet Bey Mosque,,modern,Q,Cairo,,,,
x30551,Sumenu,,archaic,K,Upper Egypt,,,,
x58820,Summusta,,modern,O,Beni Suef (province),,,,
x30790,Sun Temple of Userkaf,,modern,Q,Abusir (Memphis),,,,
x60687,Sunu,,archaic,K,Fayum,,,,
x29015,Syene,,archaic,K,Aswan,,,,
x22759,Tahta,,modern,K,Upper Egypt,,,,
x51748,Tanis,historic - city,archaic,K,San el-Hagar,,,,
x116123,Tanite Nome,,archaic,I,Lower Egypt,,Tanis~Tanite~Τανιτης Νομος,,Nome (administrative district of Ancient Egypt).
x30519,Tarkhan,,modern,Q,Lower Egypt,,,,
THES232067,Teh el Barud,,modern,Q,Nile Delta,,,,
x30334,Tell Atrib,,modern,Q,Benha,,"Atreeb Benha~Atrib, Tell",,
x30303,Tell Basta,Bubastis,modern,Q,Nile Delta~Bubastis,,"Basta, Tell",,
x30401,Tell Beni-Imran,,modern,Q,"Amarna, el-",,"Beni-Imran, Tell",,
x30383,Tell Dafana,,modern,Q,Nile Delta,,"Daphnae~Defenneh~Tell Defenneh~Dafana, Tell~Defenneh, Tell",,
x30526,Tell el-Farain,,modern,Q,Nile Delta,,"Buto~Pe And Dep~Per Wadjit~el-Farain, Tell",,
x30302,Tell el-Maskhuta,,modern,K,Nile Delta,,"Pithom~el-Maskhuta, Tell",,
x30380,Tell el-Muqdam,,modern,Q,Nile Delta,,"Leontopolis~el-Muqdam, Tell",,
x30403,Tell el-Rataba,,modern,Q,Nile Delta,,"el-Rataba, Tell",,
x30367,Tell el-Ruba,,modern,Q,Nile Delta,,"Mendes~el-Ruba, Tell",Timai,"In the Greco-Roman period, the city of Timai (q.v.) replaced the earlier city of Mendes (modern Tell el-Ruba), moving slightly to the south."
x28986,Tell el-Timai,,modern,K,Nile Delta~Djedet,,"el-Timai, Tell",,
x30349,Tell el-Yahudiya,,modern,Q,Nile Delta,,"Tell el-Guhudah~Tell el-Yehudiyeh~Tel el-Yahûdeh~el-Yahudiya, Tell~el-Guhudah, Tell~el-Yehudiyeh, Tell",,
x30695,Tell Jaiff,,modern,Q,Egypt,,"Jaiff, Tell",,Exact location unknown.
x30347,Tell Nabasha,,modern,Q,Nile Delta,,"Imet~Tell Bedawi~Tell Farun~Tell Nebesheh~Tell Nebessi~Nabasha, Tell~Bedawi, Tell~Farun, Tell~Nebesheh, Tell~Nebessi, Tell",,
x30384,Tell Zuwelein,,modern,Q,Nile Delta,,"Zuwelein, Tell",,
x30607,Temple of Ahmose,Abydos,modern,Q,Upper Egypt~Abydos,,,,
x30726,Temple of Amenemhat III,,modern,Q,Hawara,,Labyrinth,,This temple is often refrred to by classical authors as the Egyptian 'Labyrinth'.
x30523,Temple of Amenhotep II,Thebes,modern,Q,Upper Egypt~Thebes (historic - Upper Egypt),,,,
x30711,Temple of Amenhotep III,Thebes,modern,Q,Upper Egypt~Thebes (historic - Upper Egypt),,,,
x30499,Temple of Amun,,modern,Q,Karnak (Thebes),,,,
x30414,Temple of Amun-Ra,,modern,Q,Egypt,,,,Exact location unknown.
x31501,Temple of Aphrodite,Naukratis,modern,Q,Sanctuary of Aphrodite (Naukratis),,,,
x30745,Temple of Aphrodite Urania,Qis,modern,Q,Middle Egypt~Qis,,,,
x30597,Temple of Aten,Amarna,modern,Q,"Amarna, el-",Temple of Aten,,,
x30739,Temple of Aten,Matariya,modern,Q,Matariya,Temple of Aten,,,
x30546,Temple of Aten,Serabit el-Khadim,modern,Q,Serabit el-Khadim,Temple of Aten,,,
x30690,Temple of Atum,,modern,Q,Tell Basta (Bubastis),,,,
x30691,Temple of Bastet,,modern,Q,Tell Basta (Bubastis),,,,
x30587,Temple of Hathor,Dendara,modern,Q,Dendara,Temple of Hathor,,,
x30679,Temple of Hathor,Kom Abu Billo,modern,Q,Kom Abu Billo,Temple of Hathor,,,
x30603,Temple of Hathor,Mustagidda,modern,Q,Mostagedda,Temple of Hathor,,,
x30381,Temple of Hathor,Serabit el-Khadim,modern,Q,Serabit el-Khadim,Temple of Hathor,,,
x30444,Temple of Hatshepsut,,modern,Q,Deir el-Bahri (Thebes),,,,
x30776,Temple of Herishef,,modern,Q,Ihnasya el-Medina,,,,
x30354,Temple of Isis,Thebes,modern,Q,Upper Egypt~Thebes (historic - Upper Egypt),,,,
x30754,Temple of Khafra,,modern,Q,Giza (Memphis),,,,
x109103,Temple of Khentimentiu,,archaic,Q,Upper Egypt~Abydos,,,,
x30312,Temple of Khnum,,modern,Q,Elephantine,,,,
x30661,Temple of Khons,,modern,Q,Karnak (Thebes),,,,
x30784,Temple of Khonspakhered,,modern,Q,Karnak (Thebes),,,,
x30328,Temple of Mentuhotep,,modern,Q,Deir el-Bahri (Thebes),,,,
x30699,Temple of Min,,modern,Q,Tell Dafana,,,,
x30309,Temple of Mut,,modern,Q,Karnak (Thebes),,,,
x30752,Temple of Neith,,modern,Q,Sa el-Hagar,,,,
x30742,Temple of Nekhbet,,modern,Q,Elkab,,,,
x30429,Temple of Osiris,Abydos,modern,Q,Upper Egypt~Abydos,,,,
x31719,Temple of Proteus,Memphis,modern,Q,Lower Egypt~Memphis (Egypt),,,Palace of Merenptah,
x30320,Temple of Ptah,Memphis,modern,Q,Lower Egypt~Memphis (Egypt),,,,
x30762,Temple of Ramses II,Abu Simbel,modern,Q,Abu Simbel (Nubia),Temple of Ramses II,,,
x30316,Temple of Ramses II,Abydos,modern,Q,Upper Egypt~Abydos,,,,
x30765,Temple of Ramses III,Memphis,modern,Q,Lower Egypt~Memphis (Egypt),,,,
x30642,Temple of Ramses IV,Abydos,modern,Q,Upper Egypt~Abydos,,,,
x30741,Temple of Seth,,modern,Q,Matmar,,,,
x30649,Temple of Sety I,Abydos,modern,Q,Upper Egypt~Abydos,,,,
x30448,Temple of Sety I,Qurna,modern,Q,Qurna (Thebes),Temple of Sety I,,,
x311903,Temple of Sobek,,modern,Q,Medinet el-Faiyum,,,,
x30407,Temple of Tausret,Thebes,modern,Q,Upper Egypt~Thebes (historic - Upper Egypt),,,,
x30344,Temple of Thoth,Hermopolis,modern,Q,"Ashmunein, el-~Hermopolis",,,,
x30582,Temple of Thutmose III,,modern,Q,Deir el-Bahri (Thebes),,,,
x30697,Temple of Thutmose IV,,modern,Q,Upper Egypt~Thebes (historic - Upper Egypt),,,,
x30743,Temple of Wadjyt,,modern,Q,Tell Nabasha,,,,
x116127,Tentyrite Nome,,archaic,I,Upper Egypt,,Tentyris~Tentyrite~Τεντυριτης Νομος,,Nome (administrative district of Ancient Egypt).
x30299,Thebes,historic - Upper Egypt,archaic,K,Upper Egypt,,,,
x51761,Thinite Nome,,archaic,I,Upper Egypt,,Thinis~Thinite~Θινιτης Νομος,,Nome (administrative district of Ancient Egypt).
x324760,Timai,,archaic,K,Nile Delta,,Thmuis~Tell Timai~Tmai el-Amdid~Tell Ibn el-Salam~Tell el-Timai,Tell el-Ruba,"In the Greco-Roman period, the city of Timai replaced the earlier city of Mendes (modern Tell el-Ruba, q.v.), moving slightly to the south."
x110554,Timna,,modern,Q,Sinai,,,,
x27708,"Timsah, Lake",,modern,G,Egypt,Lake Timsah,,,
x103173,Tjebnutjer,,archaic,K,Samannud,,,,
x58827,Tobhar,,modern,K,Fayum,,,,
x30564,Tod,,modern,Q,Upper Egypt,,Djerty~Tuphium,,
x30683,Tomb of Aha,,modern,Q,Umm el-Qaab (Abydos),,,,
x30740,Tomb of Ahhotep,,modern,Q,Dra Abu el-Naga (Thebes),,,,
x30512,Tomb of Amenemhet,Thebes,modern,Q,Upper Egypt~Thebes (historic - Upper Egypt),,,,
x30588,Tomb of Amenhotep II,,modern,Q,Biban el-Muluk (Valley of the Kings - Thebes),,,,
x30446,Tomb of Amenhotep III,,modern,Q,Biban el-Muluk (Valley of the Kings - Thebes),,,,
x30531,Tomb of Anedjib,,modern,Q,Umm el-Qaab (Abydos),,,,
x30396,Tomb of Ani,Thebes,modern,Q,Upper Egypt~Thebes (historic - Upper Egypt),,,,
x30717,Tomb of Ankhhaf,,modern,Q,Giza (Memphis),,,,
x30415,Tomb of Ankhhor,Thebes,modern,Q,Upper Egypt~Thebes (historic - Upper Egypt),,,,
x30496,Tomb of Ankhu,Abydos,modern,Q,Upper Egypt~Abydos,,,,
x60719,Tomb of Apis,,modern,Q,Riggeb,,,,
x30570,Tomb of Bakenrenef,,modern,Q,Saqqara (Memphis),,,,
x30422,Tomb of Den,,modern,Q,Umm el-Qaab (Abydos),,,,
x30710,Tomb of Djehutyhotep,,modern,Q,Deir el-Bersha,,,,
x30520,Tomb of Djehutymose,Thebes,modern,Q,Upper Egypt~Thebes (historic - Upper Egypt),,,,
x30714,Tomb of Djehutynakht,,modern,Q,Deir el-Bersha,,,,
x30421,Tomb of Djer,,modern,Q,Umm el-Qaab (Abydos),,,,
x30529,Tomb of Djet,,modern,Q,Umm el-Qaab (Abydos),,,,
x30583,Tomb of Hara,,modern,Q,Tell Nabasha,,,,
x30521,Tomb of Hatshepsut,,modern,Q,Biban el-Muluk (Valley of the Kings - Thebes),,,,
x30783,Tomb of Horemheb,,modern,Q,Saqqara (Memphis),,,,
x30611,Tomb of Horwedja,,modern,Q,Hawara,,,,
x30767,Tomb of Ibi,Thebes,modern,Q,Upper Egypt~Thebes (historic - Upper Egypt),,,,
x30594,Tomb of Idy,Abydos,modern,Q,Upper Egypt~Abydos,,,,
x30748,Tomb of Inhapy,Thebes,modern,Q,Upper Egypt~Thebes (historic - Upper Egypt),,,,
x30713,Tomb of Inherkhau,,modern,Q,Deir el-Medina (Thebes),,,,
x30732,Tomb of Intef,Thebes,modern,Q,Upper Egypt~Thebes (historic - Upper Egypt),,,,
x30753,Tomb of Itet,,modern,Q,Maidum,,,,
x30676,Tomb of Kainefer,,modern,Q,Dahshur (Memphis),,,,
x30658,Tomb of Kaitep,,modern,Q,Giza (Memphis),,,,
x30443,Tomb of Kauit,,modern,Q,Deir el-Bahri (Thebes),,,,
x30424,Tomb of Khasekhem,,modern,Q,Umm el-Qaab (Abydos),,,,
x30750,Tomb of Khonshotep,Thebes,modern,Q,Upper Egypt~Thebes (historic - Upper Egypt),,,,
x30772,Tomb of Kynebu,Thebes,modern,Q,Upper Egypt~Thebes (historic - Upper Egypt),,,,
x30472,Tomb of Makit,,modern,Q,Fayum,,,,
x30682,Tomb of Menankhpepy,,modern,Q,Dendara,,,,
x30516,Tomb of Menna,Thebes,modern,Q,Upper Egypt~Thebes (historic - Upper Egypt),,,,
x30729,Tomb of Mentuemhat,Thebes,modern,Q,Upper Egypt~Thebes (historic - Upper Egypt),,,,
x30447,Tomb of Mentuhotep,,modern,Q,Temple of Mentuhotep,,,,
x30647,Tomb of Merenptah,,modern,Q,Biban el-Muluk (Valley of the Kings - Thebes),,,,
x30539,Tomb of Merenra,,modern,Q,Saqqara (Memphis),,,,
x30530,Tomb of Merneit,,modern,Q,Umm el-Qaab (Abydos),,,,
x30775,Tomb of Mersekha,Abydos,modern,Q,Upper Egypt~Abydos,,,,
x30657,Tomb of Merymose,Thebes,modern,Q,Upper Egypt~Thebes (historic - Upper Egypt),,,,
x30734,Tomb of Meryrahashetef,,modern,Q,Sidmant,,,,
x30660,Tomb of Nebamun,Thebes,modern,Q,Upper Egypt~Thebes (historic - Upper Egypt),,,,
x30670,Tomb of Nebdjefau,,modern,Q,Deir el-Medina (Thebes),,,,
x30428,Tomb of Nebseny,Thebes,modern,Q,Upper Egypt~Thebes (historic - Upper Egypt),,,,
x30436,Tomb of Nefer,,modern,Q,Maidum,,,,
x30319,Tomb of Neferabu,,modern,Q,Deir el-Medina (Thebes),,,,
x30325,Tomb of Neferhotep,,modern,Q,Deir el-Medina (Thebes),,,,
x30537,Tomb of Nefermaat,,modern,Q,Maidum,,,,
x30789,Tomb of Neferseshemkhufu,,modern,Q,Giza (Memphis),,,,
x30686,Tomb of Neferseshempepy,,modern,Q,Dendara,,,,
x30560,Tomb of Nekhtamen,,modern,Q,Tell Nabasha,,,,
x30409,Tomb of Nenkheftka,,modern,Q,Dishasha,,,,
x30730,Tomb of Nesmin,,modern,Q,Akhmim,,,,
x30528,Tomb of Netjerkhet,,modern,Q,Beit Khallaf,,,,
x30646,Tomb of Netjernekhta,,modern,Q,Beni Hasan,,,,
x30751,Tomb of Nubkheperra Intef,,modern,Q,Dra Abu el-Naga (Thebes),,,,
x30685,Tomb of Nyankhra,,modern,Q,Saqqara (Memphis),,,,
x30788,Tomb of Nyibunesu,,modern,Q,Dendara,,,,
x30791,Tomb of Nykaiankh,,modern,Q,Giza (Memphis),,,,
x30416,Tomb of Padiamunipet,Thebes,modern,Q,Upper Egypt~Thebes (historic - Upper Egypt),,,,
x30727,Tomb of Pairi,,modern,Q,Qurna (Thebes),,,,
x30423,Tomb of Peribsen,,modern,Q,Umm el-Qaab (Abydos),,,,
x30671,Tomb of Petamenipet,Thebes,modern,Q,Upper Egypt~Thebes (historic - Upper Egypt),,,,
x30786,Tomb of Ptahshepses,,modern,Q,Saqqara (Memphis),,,,
x30533,Tomb of Qaa,,modern,Q,Umm el-Qaab (Abydos),,,,
x30724,Tomb of Qar,,modern,Q,Lower Egypt,,,Giza (Memphis)~Saqqara (Memphis),This tomb was probably located at either Giza or Saqqara.
x30712,Tomb of Qenia,Thebes,modern,Q,Upper Egypt~Thebes (historic - Upper Egypt),,,,
x30684,Tomb of Rahotep,,modern,Q,Maidum,,,,
x30501,Tomb of Ramses I,,modern,Q,Biban el-Muluk (Valley of the Kings - Thebes),,,,
x30500,Tomb of Ramses II,,modern,Q,Biban el-Muluk (Valley of the Kings - Thebes),,,,
x30387,Tomb of Ramses IX,,modern,Q,Biban el-Muluk (Valley of the Kings - Thebes),,,,
x30359,Tomb of Ramses V,,modern,Q,Biban el-Muluk (Valley of the Kings - Thebes),,,,
x30617,Tomb of Ramses VI,,modern,Q,Biban el-Muluk (Valley of the Kings - Thebes),,,,
x30696,Tomb of Ramses VII,,modern,Q,Biban el-Muluk (Valley of the Kings - Thebes),,,,
x30618,Tomb of Ramses VIII,,modern,Q,Biban el-Muluk (Valley of the Kings - Thebes),,,,
x30584,Tomb of Ramsesnakht,,modern,Q,Tell Nabasha,,,,
x30677,Tomb of Remu,,modern,Q,Giza (Memphis),,,,
x30616,Tomb of Saptah,,modern,Q,Biban el-Muluk (Valley of the Kings - Thebes),,,,
x30532,Tomb of Semerkhet,,modern,Q,Umm el-Qaab (Abydos),,,,
x30511,Tomb of Sennefer,,modern,Q,Sheikh Abd el-Qurna (Thebes),,,,
x30352,Tomb of Sety I,,modern,Q,Biban el-Muluk (Valley of the Kings - Thebes),,,,
x30659,Tomb of Sety II,,modern,Q,Biban el-Muluk (Valley of the Kings - Thebes),,,,
x30731,Tomb of Sobekhotep,Thebes,modern,Q,Upper Egypt~Thebes (historic - Upper Egypt),,,,
x30778,Tomb of the Three Princesses,,modern,Q,Wadi Qubbanat el-Qirud (Thebes),,,,
x30467,Tomb of Thutmose III,,modern,Q,Biban el-Muluk (Valley of the Kings - Thebes),,,,
x30514,Tomb of Tjay,Thebes,modern,Q,Upper Egypt~Thebes (historic - Upper Egypt),,,,
x30687,Tomb of Tjetji,,modern,Q,Giza (Memphis),,,,
x30517,Tomb of Tutankhamun,,modern,Q,Biban el-Muluk (Valley of the Kings - Thebes),,,,
x30787,Tomb of Urienptah,,modern,Q,Saqqara (Memphis),,,,
x30723,Tomb of Washka,,modern,Q,Giza (Memphis),,,,
x117115,Town,Naukratis,archaic,Q,Naukratis,Town area,,,The term refers to Petrie's designation of the 'town' excavated during his fieldwork at the site of Naukratis. This is the area outside the major sanctuaries which he excavated.
x29022,Tukh,Ombos,modern,Q,Upper Egypt~Ombos,,,,
x30568,Tukh el-Qaramus,,modern,Q,Lower Egypt,,,,
x30402,Tuna el-Gebel,,modern,Q,Middle Egypt,,,,
x115962,Tura,,modern,M,Cairo,,Tora,,"Suburb of Cairo, Egypt"
x30509,Tura,Memphis,modern,Q,Lower Egypt~Memphis (Egypt),,,,
x107374,Tushka,,modern,Q,Upper Egypt~Nubia (Africa),,,,
x109045,Umm al-Ghanayin Mountain,,modern,Q,Kharga Oasis,,Gebel Umm El Ghenneiem,,
x30420,Umm el-Qaab,Abydos,modern,Q,Upper Egypt~Abydos,,,,
x22575,Upper Egypt,,modern,D,Egypt,,,,
x51745,Upper Sebennyte Nome,,archaic,I,Lower Egypt,,Upper Sebennys~Upper Sebennyte~Σεβεννυτης Νομος Ανω Τοπων,,Nome (administrative district of Ancient Egypt).
x298150,Wadi Anak,,modern,Q,Gilf Kebir,,,,
x40686,Wâdi el-Natrûn,,modern,Q,Lower Egypt,,,,
x298154,Wadi el-Obeid,,modern,Q,Farafra Oasis,,Wadi el-Obeiyd,,
x30417,Wadi el-Sheik,,modern,Q,Middle Egypt,,Wadi Sheikh,,
x60697,Wadi el-Sojoor,,modern,I,Egypt,,,,
x30410,Wadi Faran,Egypt,modern,Q,Sinai,,Wadi Feiran,,
x27704,Wadi Ghuzze,Africa,modern,K,Egypt,,,,Exact location not identified.
x298152,Wadi Hamra,,modern,Q,Gilf Kebir,,,,
x109519,Wadi Jen,,modern,Q,Upper Egypt~Thebes (historic - Upper Egypt),,Wadiyen~Wadijen,,
x30351,Wadi Maghara,,modern,Q,Sinai,,,,
x30777,Wadi Qubbanat el-Qirud,Thebes,modern,Q,Upper Egypt~Thebes (historic - Upper Egypt),,,,
x30543,Wadi Sarga,,modern,Q,Middle Egypt~Lycopolite Nome,,,,
x30431,Wadi Shibekha,,modern,Q,Egypt,,,,Exact location not identified.
x298151,Wadi Sura,,modern,Q,Gilf Kebir,,,,
x30586,Wadi Tafa,Nubia,modern,Q,Egypt~Nubia (Africa),,,,
x302213,Wadi Wassa,,modern,Q,Gilf Kebir,,,,
x30458,Western Desert,,modern,G,Egypt,,,,
x51749,Xoite Nome,,archaic,I,Lower Egypt,,Xois~Xoite~Ξοιτης Νομος,,Nome (administrative district of Ancient Egypt).
x109046,Yabsa Mountain,,modern,Q,Kharga Oasis,,Gebel Yebsa,,
x285904,Yamit,,modern,Q,Sinai,,,,Abandoned Israeli settlement in northern Sinai.
x28978,Zaoye,,modern,K,Fayum,,Zâwyet,,
x30391,Zaqazig,,modern,K,Nile Delta,,,,
x30637,Zaraby,,modern,Q,Middle Egypt,,,,
x31443,Zifteh,,modern,Q,Nile Delta,,,,