System ID,Place name,Discriminator,Place name type,Place type,Broader Terms,Display Term,Use For,Related Terms,Scope Note,GeoNames Score,GeoNames URI,GeoNames toponymName,GeoNames lat,GeoNames lng,GeoNames fcodeName,GeoNames altNames,Wikipedia Score,Wikipedia URI,Wikipedia Title,Wikipedia Lat,Wikipedia Lng,Wikipedia Summary,Wikipedia Feature,Pleiades Score,Pleiades URI,Pleiades Title,Pleiades Lat,Pleiades Lng,Pleiades Description,Pleiades Names,TM Score,TM URI,TM Standard Name,TM Full Name,TM Lat,TM Lng
x30342,Abu Simbel,Nubia,modern,Q,Aswan (Governorate)~Lower Nubia (historic),,,,,80,https://sws.geonames.org/362040,Temple of Abu Simbel,22.33333,31.61667,ruin(s),Temple of Abu Simbel|Aboe Simbel|Abu Simbel|Abu Simbel - abw snbl|Abu Simbel - أبو سنبل|Abu Simbel temples|Abu Simbil|Abu Sunbul|Abu Szimbel-i templomok|Abu-Simbel|Abú Simbel|Abū Sunbul|Ebu Simbel|Kuil Abu Simbel|Tempel von Abu Simbel|Temple d'Abou Simbel|Temple d’Abou Simbel|Temple of Abu Simbil|Templen i Abu Simbel|Temples d'Abou Simbel|a bu xin bai lei shen miao|abw smbl|abwsmbl|mqdsy ʼbw symbl|Абу Симбел|Абу-Симбел|Абу-Сімбел|מקדש אבו סימבל|מקדשי אבו סימבל|أبو سمبل|ابوسمبل|アブ・シンベル神殿|阿布辛拜勒神廟,67,en.wikipedia.org/wiki/Abu_Simbel_temples,Abu Simbel temples,22.337076,31.626087,"The Abu Simbel temples are two massive rock temples at Abu Simbel (in Arabic), a village in Nubia, southern Egypt, near the border with Sudan. They are situated on the western bank of Lake Nasser, about 230 km southwest of Aswan (about 300 km by road) (...)",landmark,100,https://pleiades.stoa.org/places/721417202,Abu Simbel,22.33644375,31.62656425,"The site of two temples constructed by Ramesses II, one dedicated to the triad of Amun, Ra-Horakhty, and Ptah, as well as the deified Ramesses, and another dedicated to Hathor and the pharaoh's wife Nefertari. The temple was relocated between 1964 and 1968 to prevent its submersion under Lake Nasser after the construction of the Aswan High Dam.",Abu Simbel,45,https://www.trismegistos.org/place/33,Amouda,"Egypt, Aethiopia - Amouda (Abu Simbel)",22.33644375,31.62656425
THES264992,Abydos,,modern,K,Sohag (Governorate)~Upper Egypt (historic),,,,,100,https://sws.geonames.org/361885,Ma‘bad Abīdūs,26.18951,31.90799,archaeological/prehistoric site,Ma‘bad Abīdūs|Ma`bad Abidus|Abido|Abidos|Abidus Temple|Abydos|Abydosas|a bai duo si|abydws|Абидос|Абідос|אבידוס|أبيدوس|معبد أبيدوس|阿拜多斯,50,en.wikipedia.org/wiki/Abydos%2C_Egypt,"Abydos, Egypt",26.1833,31.9166,"Abydos is one of the oldest cities of ancient Egypt, and also of the eighth nome in Upper Egypt, of which it was the capital city. It is located about west of the Nile at latitude 26° 10' N, near the modern Egyptian towns of el-'Araba el Madfuna and al-Balyana (...)",city,71,https://pleiades.stoa.org/places/756512,Abydos/Ebot,26.1858205,31.917911500000002,Ancient Egyptian city and burial place of its first kings. Primary cult place of the god Osiris.,Abydos|Ebot,100,https://www.trismegistos.org/place/34,Abydos,"Egypt, U08 - Abydos",26.185099,31.917622
x30376,Akhmim,,modern,K,Sohag (Governorate)~Upper Egypt (historic),,Eckhmin~Ipu~Khemmis~Khent-Min~Akhmîm~Crocodilopolis~Krokodilopolis,,,100,https://sws.geonames.org/361661,Akhmīm,26.5622,31.74566,populated place,Akhmīm|Akhmim|Akhmun|Akhmûn|Ekhmin|Khemmis|Paloupolis|Panopolis|Panospolis|akhmym|Ахмим|أخميم,50,en.wikipedia.org/wiki/Akhmim,Akhmim,26.56416666666667,31.746111111111112,"Akhmim (; from Egyptian: Khent-min&#x202f;; Coptic: ') is a city in the Sohag Governorate of Upper Egypt. Referred to by the ancient Greeks as Khemmis, Chemmis and Panopolis, it is located on the east bank of the Nile, 4 miles to the northeast of Sohag.  (...)",city,,,,,,,,43,https://www.trismegistos.org/place/56884,Hermaion,"Egypt, U09 - Hermaion",,
x30641,"Amra, el-",,modern,Q,Qena (Governorate)~Upper Egypt (historic),el-Amra,El-Amra,,,100,https://sws.geonames.org/361583,‘Izbat al ‘Āmirah,31.14166,31.90446,populated place,‘Izbat al ‘Āmirah|`Izbat al `Amirah|Al `Amirah|Al ‘Āmirah|El-`Amra|El-‘Âmra|عزبة العامرة,,,,,,,,,,,,,,,50,https://www.trismegistos.org/place/4907,El-Amra,"Egypt, U08 - El-Amra",26.133333333333333,31.983333333333334
x30326,Aniba,Nubia,modern,Q,Aswan (Governorate)~Lower Nubia (historic),,,,,,,,,,,,,,,,,,,70,https://pleiades.stoa.org/places/438709,Castra Aniba,,,"An ancient place, cited: BAtlas 44 unlocated Castra Aniba",Castra aniba|Castra Aniba,100,https://www.trismegistos.org/place/3445,Aniba,"Egypt, Aethiopia - Aniba",22.666666666666668,32.016666666666666
x51265,Antaeopolite Nome,,archaic,I,Egypt~Upper Egypt (historic),,Antaeopolis~Antaeopolite~Ανταιοπολιτης Νομος,,Nome (administrative district of Ancient Egypt).,,,,,,,,,,,,,,,69,https://pleiades.stoa.org/places/756516,Antaiopolites Nomos,27.25,31.75,"An ancient place, cited: BAtlas 77 F2 Antaiopolites Nomos",Antaiopolites Nomos,40,https://www.trismegistos.org/place/3020,Antaiopolites,"Egypt, U10a - Antaiopolites",,
x29011,Apollinopolis Magna,,modern,K,Edfu,,,,,81,https://sws.geonames.org/355635,Idfū,24.97916,32.87722,populated place,Idfū|Idfu|Apollinopolis Magna|Apollonopolis Magna|Edfou|Edfu|Edfú|Ehdfu|Idfu Bahari|Idfu Bahri|Idfu Baḥari|Idfū Baḩri|adfw|edofu|Едфу|Эдфу|إدفو|エドフ,,,,,,,,90,https://pleiades.stoa.org/places/785974,Apollonopolis Magna,24.9803375,32.873196,"The city of Apollonopolis Magna was located on the west bank of the Niles, south of Thebes. As the seat of Horus, Greeks regarded it as a site connected with Apollo. It served as the capital of the second nome of Upper Egypt.",Apollonopolis Magna|Edfu|Behdet|Edfou|إدفو|Idfu|Idfū|EOah|Ἀπόλλωνος πόλις|Apollonos polis,,,,,,
x51754,Apollonopolite Nome,,archaic,I,Egypt~Upper Egypt (historic),,Apollonopolis~Apollonopolite~Απολλωνοπολιτης Νομος,,Nome (administrative district of Ancient Egypt).,,,,,,,,,,,,,,,81,https://pleiades.stoa.org/places/727074,Apollonopolites Nomos,30.75,32.25,"An ancient place, cited: BAtlas 74 G3 Apollonopolites Nomos",Apollonopolites Nomos,41,https://www.trismegistos.org/place/2717,Apollonopolites,"Egypt, U02 - Apollonopolites",,
x30613,Araba el-Madfuna,Abydos,modern,Q,Abydos,el-Araba el-Madfuna (Abydos),El-Araba el-Madfuna,,,100,https://sws.geonames.org/357946,Al ‘Arābā al Madfūnah,26.18658,31.91636,archaeological/prehistoric site,Al ‘Arābā al Madfūnah|Al `Araba al Madfunah|Al `Arabah al Madfunah|Al ‘Arābah al Madfūnah|El-'Araba el-Madfuna|El-’Arâba el-Madfûna|العرابا المدفونة,100,en.wikipedia.org/wiki/El_Araba_El_Madfuna,El Araba El Madfuna,26.18095,31.90066,"El Araba El Madfuna (al-ʿarabä al-madfūnä, meaning 'the Buried Cart', also known as Arabet Abydos) is a town in Egypt. It is located south of Sohag.  (...)",,,,,,,,,,,,,,
x29001,Armant,,modern,K,Qena (Governorate)~Upper Egypt (historic),,Erment,,,100,https://sws.geonames.org/360170,Armant,25.61988,32.54305,populated place,Armant|Armanat|Armant Gharb|Ermont|Hermonthis|Hermōnthis|armnt|أرمنت,100,en.wikipedia.org/wiki/Hermonthis,Hermonthis,25.6166,32.55,"The modern town of Armant (ancient Egyptian Iuny; Coptic: Erment; known in Greek as Hermonthis), is located about 12 miles south of Thebes, in Egypt. It was an important Middle Kingdom town, which was enlarged during the Eighteenth Dynasty (...)",landmark,,,,,,,,50,https://www.trismegistos.org/place/812,Hermonthis,"Egypt, U04a - Hermonthis (Armant)",25.550269,32.508054
x30358,Asasif,Thebes,modern,Q,Qena (Governorate)~Thebes (historic - Upper Egypt),,Assasif,,Part of the Theban Necropolis.,100,https://sws.geonames.org/361539,Al ‘Asāsīf,25.73333,32.61667,populated place,Al ‘Asāsīf|Al `Asasif|Asasif|El Asasif,,,,,,,,,,,,,,,,,,,,
THES264754,Aswan,Governorate,modern,E,Egypt~Upper Egypt (historic),,Assouan~Assua~Assuan~Syene,,Governorate of Aswan,100,https://sws.geonames.org/359792,Aswan,24.09082,32.89942,seat of a first-order administrative division,Aswan|ASW|Assouan|Assuan|Assuao|Assuão|Asszuan|Asszuán|Asuan|Asuanas|Asuano|Asuán|Asvan|Aswán|Aswân|Aswān|Es-Suan|Eswan|Syena|Syene|Syeue|a si wang|aseuwan|asuani|asuwan|asvana|aswan|Ασσουάν|Асуан|אסואן|أسوان|اسوان|आस्वान|ასუანი|アスワン|阿斯旺|아스완,,,,,,,,,,,,,,,,,,,,
x22601,Aswan,town,modern,K,Aswan (Governorate)~Upper Egypt (historic),,Assouan,,,100,https://sws.geonames.org/359792,Aswan,24.09082,32.89942,seat of a first-order administrative division,Aswan|ASW|Assouan|Assuan|Assuao|Assuão|Asszuan|Asszuán|Asuan|Asuanas|Asuano|Asuán|Asvan|Aswán|Aswân|Aswān|Es-Suan|Eswan|Syena|Syene|Syeue|a si wang|aseuwan|asuani|asuwan|asvana|aswan|Ασσουάν|Асуан|אסואן|أسوان|اسوان|आस्वान|ასუანი|アスワン|阿斯旺|아스완,50,en.wikipedia.org/wiki/Aswan,Aswan,24.088919444444443,32.89973055555556,"Aswan (; ' ; Ancient Egyptian: '; '; '), formerly spelled Assuan, is a city in the south of Egypt, the capital of the Aswan Governorate. Aswan is a busy market and tourist centre located just north of the Aswan Dams on the east bank of the Nile at the first cataract (...)",city,,,,,,,,,,,,,
x312615,Aswan Dam,,modern,Q,Aswan (town),,Barrage,,,77,https://sws.geonames.org/361121,Aswan High Dam,23.97171,32.88313,dam,Aswan High Dam|Al Sadd al Aali|As Sadd al `Ali|As Sadd al ‘Ālī|Assuan-Staudamm|Assuandammen|Assuanin pato|Asuaneko Presa|Asuango Presa|Asuanska brana|Asuanska jazovirna stena|Asuanska prehrada|Asuanski jez|Asuanskie plotiny|Asuánská přehrada|Aswan Dam|Aswandaemningen|Aswandam|Aswandammen|Aswandæmningen|Aswān High Dam|Bendungan Aswan|Diga di Assuan|El Saad-el Aali|Encoro de Asuan|Encoro de Asuán|Haut barrage d'Assouan|High Aswan Dam|High Dam|Presa de Asuan|Presa de Asuán|Represa de Assua|Represa de Assuã|Resclosa d'Assuan|Wysoka Tama|a si wang shui ba|Асуанска язовирна стена|Асуанские плотины|סכר אסואן|السد العالي|アスワン・ハイ・ダム|阿斯旺水坝,67,en.wikipedia.org/wiki/Aswan,Aswan,24.088919444444443,32.89973055555556,"Aswan is a city in the south of Egypt, the capital of the Aswan Governorate. Aswan is a busy market and tourist centre located just north of the Aswan Dams on the east bank of the Nile at the first cataract. The modern city has expanded and includes the formerly separate community on the island of (...)",city,,,,,,,,,,,,,
x30335,Asyut,town,modern,K,Asyut (Governorate)~Upper Egypt (historic),,Assiut~Lykopolis~Zawty~Asyût~Siout~Syut~Assiout~Siut,,,100,https://sws.geonames.org/359783,Asyūţ,27.18096,31.18368,seat of a first-order administrative division,Asyūţ|Asyut|ATZ|As'jut|Assiout|Assiut|Assuit|Licopolis|Likupulis|Lycopolis|Līkūpūlīs|Siut|asywt|Асьют|أسيوط,78,en.wikipedia.org/wiki/Asyut,Asyut,27.186944444444446,31.17138888888889,"AsyutMore often spelled Assiout or Assiut. is the capital of the modern Asyut Governorate in Egypt and a Coptic Catholic bishopric; the ancient city of the same name is situated nearby. The modern city is located at , while the ancient city is located at .  (...)",city,,,,,,,,,,,,,
x30605,Awlad Yehia,,modern,Q,Girga,,Awlad Ali,,,,,,,,,,,,,,,,,,,,,,,,,,,,,
x61050,"Azam, el-",,modern,O,Asyut (Governorate)~Upper Egypt (historic),el-Azam,"El-Azam~Azam, El~Azzam, El-~El-Azzam",,Deir el Azam on the Gebel Asyut el-Gharbi,,,,,,,,,,,,,,,,,,,,,,,,,,,
x30492,"Badari, el-",,modern,Q,Asyut (Governorate)~Upper Egypt (historic),el-Badari,El-Badari,,,100,https://sws.geonames.org/361478,Al Badārī,26.99306,31.41605,populated place,Al Badārī|Al Badari|El Badari|El Badâri|albdary|البداري,100,en.wikipedia.org/wiki/El-Badari,El-Badari,26.9925,31.415555555555553,"El-Badari is an area of Upper Egypt between Matmar and Qau el-Kebir, including numerous Predynastic cemeteries (notably Mostagedda, Deir Tasa and the cemetery of el-Badari itself), as well as at least one early Predynastic settlement at Hammamia (...)",,,,,,,,,50,https://www.trismegistos.org/place/3479,El-Badari,"Egypt, U10a - El-Badari",27.0,31.416666666666668
x30542,"Ballas, el-",,modern,Q,Qena (Governorate)~Upper Egypt (historic),el-Ballas,El-Ballas,,,100,https://sws.geonames.org/361438,Al Ballāş,26.02015,32.76626,populated place,Al Ballāş|Al Ballas|Al-Ballas|Al-Ballāṣ|El Ballas|Typhoria|alblas|البلاص,100,en.wikipedia.org/wiki/Deir_el-Ballas,Deir el-Ballas,26.020493,32.766313,Deir el-Ballas was the site of a royal palace and administration center occupied by rulers of the Seventeenth Dynasty in ancient Egypt's late Second Intermediate Period.  (...),city,,,,,,,,,,,,,
x30430,Beit Khallaf,,modern,Q,Sohag (Governorate)~Upper Egypt (historic),,,,,74,https://sws.geonames.org/358904,Bayt Khallāf,26.3059,31.78942,populated place,Bayt Khallāf|Bayt Khallaf|Beit Khallaf|byt khlaf|بيت خلاف|بيت خلّاف,67,en.wikipedia.org/wiki/Beit_Khallaf,Beit Khallaf,26.31666,31.7833,Beit Khallaf (Arabic: بيت خلاف) is a small village 10 kilometers west of Girga in Middle Egypt  (...),city,,,,,,,,100,https://www.trismegistos.org/place/4921,Beit Khallaf,"Egypt, U08 - Beit Khallaf",26.316666666666666,31.783333333333335
x30321,Biban el-Harim,Valley of the Queens - Thebes,modern,Q,Qena (Governorate)~Thebes (historic - Upper Egypt),,Valley of the Queens,,,73,https://sws.geonames.org/350492,Maqābir al Malikāt,25.72786,32.59287,archaeological/prehistoric site,Maqābir al Malikāt|Maqabir al Malikat|Biban el-Harim|Bibân el-Harîm|Tombs of the Queens|mqabr almlkat|مقابر الملكات,,,,,,,,,,,,,,,,,,,,
x30304,Biban el-Muluk,Valley of the Kings - Thebes,modern,Q,Qena (Governorate)~Thebes (historic - Upper Egypt),,Valley of the Kings,,,73,https://sws.geonames.org/353494,Maqābir al Mulūk,25.74027,32.60157,archaeological/prehistoric site,Maqābir al Mulūk|Maqabir al Muluk|Biban el-Muluk|Bibân el-Mulûk|Tombs of the Kings|mqabr almlwk|مقابر الملوك,,,,,,,,,,,,,,,,,,,,
x30589,Bucheum,Hermonthis,modern,Q,Armant,,,Hermonthis (historic - city),,,,,,,,,,,,,,,,,,,,,,,100,https://www.trismegistos.org/place/11443,Bucheum,"Egypt, U04a - Bucheum",25.622112,32.544215
x30633,Cache of the Priests of Montu,Thebes,modern,Q,Temple of Hatshepsut,,,,Mariette found a cache of burials of the Priests of Montu within the sub-rooms of the temple of Hatshepsut.,,,,,,,,,,,,,,,,,,,,,,,,,,,
x30733,Chapel of Intef,Abydos,modern,Q,Abydos,,,,,,,,,,,,,,,,,,,,,,,,,,,,,,,
x109748,Chapel of Sesostris,,modern,Q,Karnak (Thebes),,,,,,,,,,,,,,,,,,,,,,,,,,,,,,,
x30668,Church of St John,,modern,Q,Esna,,,,,,,,,,,,,,,,,,,,,,,,,,,,,,,
x101848,Contra Latopolis,,modern,Q,"Hilla, el-",,,,Contra Latopolis is the classical name for the ancient site opposite Esna (Latopolis) on the other side of the Nile. The modern name of the location is El-Hilla.,72,https://sws.geonames.org/361153,Al Ḩillah,25.28492,32.5821,populated place,Al Ḩillah|Al Hillah|Al-Hillah|Al-Ḥillah|Contra Latopolis|El Hilla|El Ḥilla|alhlt|الحلة,,,,,,,,94,https://pleiades.stoa.org/places/786007,Contra Latopolin,25.214131,32.534572,"An ancient place, cited: BAtlas 80 B3 Contra Latopolin",Contra Latopolin|Contra Lato|Contra Latopolis|al-Ḥilla|al-Hilla|al-Hillah,100,https://www.trismegistos.org/place/4990,Contra Latopolis,"Egypt, U03 - Contra Latopolis (El-Hella)",25.214131,32.534572
x51755,Coptite Nome,,archaic,I,Egypt~Upper Egypt (historic),,Coptos~Coptite~Κοπτειτης Νομος,,Nome (administrative district of Ancient Egypt).,,,,,,,,,,,,,,,,,,,,,,,,,,,
x40682,Coptos,historic - city,archaic,K,Qift,Coptos,Koptos,,,100,https://sws.geonames.org/350560,Qifţ,25.99845,32.81808,populated place,Qifţ|Qift|Coptos|qft|قفط,100,en.wikipedia.org/wiki/Qift,Qift,25.996434,32.816187,"Qift (; Coptic: Keft or Kebto; Egyptian Gebtu; Coptos or Koptos; Roman Justinianopolis) is a small town in the Qena Governorate of Egypt about 43 km north of Luxor, on the east bank of the Nile.  (...)",city,100,https://pleiades.stoa.org/places/786010,Coptos,25.996402,32.815787,An ancient settlement on the Nile river (modern Quft/Qift in Egypt) that flourished from pre-dynastic times through late antiquity.,Coptos,42,https://www.trismegistos.org/place/1159,Koptos,"Egypt, U05 - Koptos (Qift)",25.996402,32.815787
x30663,Deir Balyza,,modern,Q,Asyut (Governorate)~Upper Egypt (historic),,,,,,,,,,,,,,,,,,,,,,,,,,,,,,,
x30327,Deir el-Bahri,Thebes,modern,Q,Qena (Governorate)~Thebes (historic - Upper Egypt),,Deir el Bahri~Dayr el Bahri~Deir el-Bahari,,,100,https://sws.geonames.org/361834,Ma‘bad ad Dayr al Baḩrī,25.7374,32.60755,archaeological/prehistoric site,Ma‘bad ad Dayr al Baḩrī|Ma`bad ad Dayr al Bahri|Ad Dayr al Bahri|Ad Dayr al Baḩrī|Ad-Dayr al-Bahari|Ad-Dayr al-Baḩarī|Deir el-Bahari|Deir el-Bahri|El Deir el Bahari|El Deir el Baḥari|Site de Deir el-Bahari|mʿbd aldyr albhry|معبد الدير البحري,100,en.wikipedia.org/wiki/Deir_el-Bahari,Deir el-Bahari,25.737785,32.60754,"Deir el-Bahari or Dayr al-Bahri (Arabic: الدير البحري ad-dayr al-baḥrī, literally meaning, ""The Northern Monastery"") is a complex of mortuary temples and tombs located on the west bank of the Nile, opposite the city of Luxor, Egypt. This is a part of the Theban Necropolis (...)",landmark,,,,,,,,44,https://www.trismegistos.org/place/61492,Deir el-Bakhit,"Egypt, U04b - Deir el-Bakhit",,
x30738,Deir el-Dyk,,modern,Q,Sohag (Governorate)~Upper Egypt (historic),,Deir-el-Dyk,,Probably in vicinity of Akhmim.,,,,,,,,,,,,,,,61,https://pleiades.stoa.org/places/776167,el-Deir,25.59674886219001,30.730463459119083,el-Deir (also known as Deir el-Munīra) is the site of a Roman fort and necropolis in Egypt's Kharga Oasis.,دير المنيرة‎|Deir el-Munīra|الدير‎|ed-Deir|el-Deir|ed-Dayr,46,https://www.trismegistos.org/place/3641,Deir el-Dik,"Egypt, U15 - Deir el-Dik",,
x30555,Deir el-Ezba,Thebes,modern,Q,Qena (Governorate)~Thebes (historic - Upper Egypt),,,,Precise location uncertain.,,,,,,,,,,,,,,,,,,,,,,40,https://www.trismegistos.org/place/3696,Deir el-Melak,"Egypt, U08 - Deir el-Melak",,
x30318,Deir el-Medina,Thebes,modern,Q,Qena (Governorate)~Thebes (historic - Upper Egypt),,,,,82,https://sws.geonames.org/8224895,Deir el-Medina,25.72807,32.60136,archaeological/prehistoric site,Deir el-Medina|Deir El Medina|Deir al-Madinah|Deir el-Medineh|Deir el-Médineh|Deir-el-Medineh|Dejr ehl'-Medina|Dejr el-Medina|Dejr-el'-Medina|Der el-Medina|Dér el-Medína|Set Maat|dyr almdynh|dyr almdynt|Дейр эль-Медина|Дейр-ель-Медіна|דיר אל-מדינה|دير المدينة|دير المدينه,67,en.wikipedia.org/wiki/Deir_el-Medina,Deir el-Medina,25.728888888888886,32.60138888888889,"Deir el-Medina is an ancient Egyptian village which was home to the artisans who worked on the tombs in the Valley of the Kings during the 18th to 20th dynasties of the New Kingdom period (ca. 1550&ndash;1080 BC)Oakes, p (...)",landmark,100,https://pleiades.stoa.org/places/864388873,Deir el-Medina,25.728284,32.601357,The workers' village of the artisans who worked on the tombs in the Valley of the Kings.,دير المدينة‎|Deir el-Medina|Deir al-Medina|Deir el Medina,40,https://www.trismegistos.org/place/3696,Deir el-Melak,"Egypt, U08 - Deir el-Melak",,
x30665,Deir Manaos,,modern,Q,Egypt~Upper Egypt (historic),,,,Precise location uncertain.,,,,,,,,,,,,,,,,,,,,,,,,,,,
x30518,Deir Rifa,,modern,Q,Asyut (Governorate)~Upper Egypt (historic),,Deir Rifeh~Rifeh,,,84,https://sws.geonames.org/350134,Dayr Rīfah,27.07711,31.19255,monastery,Dayr Rīfah|Dayr Rifah|DAYR RIFAH|Deir Rifa|dyr ryft|دير ريفة,100,en.wikipedia.org/wiki/Rifeh,Rifeh,27.1,31.175,Rifeh or Deir Rifeh (also known as Rifa) is a village in Egypt. The name refers today most often to a series of Ancient Egyptian cemeteries nearby. These are the burial grounds of the ancient town Shashotep. The cemeteries date from the end of the First Intermediate Period to the Roman Period (...),landmark,,,,,,,,,,,,,
x30502,Deir Tasa,,modern,Q,Asyut (Governorate)~Upper Egypt (historic),,,,,67,https://sws.geonames.org/347246,Dayr Tāsā,27.05689,31.42272,monastery,Dayr Tāsā|Dayr Tasa|Deir Tasa|dyr tasa|دير تاسا,67,en.wikipedia.org/wiki/El_Badari%2C_Egypt,"El Badari, Egypt",26.93623,31.45189,"El Badari is an archaeological site in the Asyut Governorate, Upper Egypt, located between Matmar and Qaw El Kebir. It contains numerous Predynastic cemeteries (notably Mostagedda, Deir Tasa and the cemetery of El Badari itself), as well as at least one early Predynastic settlement at Hammamia (...)",city,,,,,,,,100,https://www.trismegistos.org/place/4942,Deir Tasa,"Egypt, U10a - Deir Tasa",27.05,31.416666666666668
x109570,Demhid,,modern,Q,Aswan (Governorate)~Lower Nubia (historic),,,,14 miles south of Aswan.,,,,,,,,,,,,,,,,,,,,,,,,,,,
x28990,Dendara,,modern,Q,Qena (Governorate)~Upper Egypt (historic),,Tentyris~Dendera~Denderah,,,,,,,,,,100,en.wikipedia.org/wiki/Dendera,Dendera,26.142194444444446,32.66972222222222,"Dendera (Dandarah; also spelled Denderah, ancient Iunet, Tentyris or Tentyra)In old sources such as Belzoni. is a small town in Egypt situated on the west bank of the Nile, about south of Qena, on the opposite side of the river. It is located approximately north of Luxor.  (...)",city,,,,,,,,,,,,,
x51756,Diopolite Nome,Magna,archaic,I,Egypt~Upper Egypt (historic),,Diospolis Magna~Diopolite~Διοπολιτης Νομος Μεγας,,Nome (administrative district of Ancient Egypt).,,,,,,,,,,,,,,,71,https://pleiades.stoa.org/places/727112,Diospolites Nomos,31.25,31.75,"An ancient place, cited: BAtlas 74 F2 Diospolites Nomos",Diospolites Nomos,,,,,,
x30313,Dra Abu el-Naga,Thebes,modern,Q,Qena (Governorate)~Thebes (historic - Upper Egypt),,,,,64,https://sws.geonames.org/8449937,Dra' Abu el-Naga',25.73528,32.62056,cemetery,Dra' Abu el-Naga',75,en.wikipedia.org/wiki/TT14,TT14,25.7369,32.6242,"The Theban Tomb TT14 is located in Dra' Abu el-Naga', part of the Theban Necropolis, on the west bank of the Nile, opposite to Luxor. It is the burial place of the Ancient Egyptian Huy, who was a wab-priest of Amenhotep, the favorite of Amun (...)",landmark,,,,,,,,,,,,,
x22737,Edfu,,modern,K,Aswan (Governorate)~Upper Egypt (historic),,,,,100,https://sws.geonames.org/355635,Idfū,24.97916,32.87722,populated place,Idfū|Idfu|Apollinopolis Magna|Apollonopolis Magna|Edfou|Edfu|Edfú|Ehdfu|Idfu Bahari|Idfu Bahri|Idfu Baḥari|Idfū Baḩri|adfw|edofu|Едфу|Эдфу|إدفو|エドフ,50,en.wikipedia.org/wiki/Edfu,Edfu,24.978056,32.878889,"Edfu ( , ; also spelt Idfu, or in modern French as Edfou, and known in antiquity as Behdet) is an Egyptian city, located on the west bank of the Nile River between Esna and Aswan, with a population of approximately sixty thousand people. For the ancient history of the city, see below (...)",city,,,,,,,,57,https://www.trismegistos.org/place/4982,Hagar Edfu,"Egypt, U02 - Hagar Edfu",24.833333333333332,32.833333333333336
x29006,Elephantine,,modern,Q,Aswan (town),,Elephantine Island,,,100,https://sws.geonames.org/359790,Jazīrat Aswān,24.08995,32.88938,island,Jazīrat Aswān|Jazirat Aswan|Abu|Aswan Island|Aswān Island|Ehlefantina|Elefantina|Elefantine|Elefantyna|Elephantine|Elephantine Island|Geziret Aswan|Geziret Elephantine|Gezîret Aswân|Gezîret Elephantine|Yebu|yb|Éléphantine|Элефантина|יב,50,en.wikipedia.org/wiki/Elephantine,Elephantine,24.089626,32.888989,"Elephantine (or ;Merriam-Webster's Geographical Dictionary, Third Edition (Merriam-Webster, 1997; ISBN 0877795460), p. 351. ; ; Kenzi Nubian:) is an island in the Nile River in northern Nubia. It is a part of the modern city of Aswan, in southern Egypt. There are archaeological sites on the island.  (...)",isle,100,https://pleiades.stoa.org/places/786021,Elephantine,24.09,32.889,"A fortified settlement located just before the First Cataract of the Nile. During the Second Intermediate Period, Elephantine marked the southern border of Egypt.",Elephantine|Abu|(jw)ꜣbw|(jw)3bw|jw3bw|(jw) 3bw|ꜣbw|3bw|Iēb|Ieb|Yabu|Elephantinē|Gazirat Aswān|Gazirat Aswan|Ǧazīrat Aswān|Jazirat Aswan|Jezirat Aswan,100,https://www.trismegistos.org/place/621,Elephantine,"Egypt, U01 - Elephantine (Geziret Assuan)",24.09,32.889
x30554,Elkab,,modern,Q,Aswan (Governorate)~Upper Egypt (historic),,Eileithyiaspolis~Nekheb,,,,,,,,,,67,en.wikipedia.org/wiki/El_Kab,El Kab,25.11974,32.79815,"El Kab (or better Elkab) is an Upper Egyptian site on the east bank of the Nile at the mouth of the Wadi Hillal about south of Luxor (ancient Thebes). El Kab was called Nekheb in the Egyptian language, a name that refers to Nekhbet, the goddess depicted as a white vulture.Limme, Luc (...)",landmark,83,https://pleiades.stoa.org/places/440947682,El Kab,25.130663,32.808339000000004,An ancient Egyptian site with settlements dating back to prehistoric and Pharaonic times. The site also features rock-cut tombs from the 18th Dynasty and two temples primarily in use from the Early Dynastic period to the Ptolemaic period.,El Kab,,,,,,
x109569,Ermant,historic,modern,Q,Qena (Governorate)~Upper Egypt (historic),,,,,,,,,,,,,,,,,,,,,,,,,,,,,,,
x29003,Esna,,modern,K,Qena (Governorate)~Upper Egypt (historic),,Isna~Iunyt~Senet~Tasenet,,,100,https://sws.geonames.org/355449,Isnā,25.29336,32.55402,populated place,Isnā|Isna|Asna|Asnā|Ehsna|Esna|Esneh|Latonpolis|Latopolia|Latopolis|Latónpolis|asna|Эсна|איסנא|אסנא|إسنا,60,en.wikipedia.org/wiki/Esna,Esna,25.297500000000003,32.55416666666667,"Esna , known to the ancient Egyptians as Egyptian: Iunyt or Ta-senet; Greek: (Latopolis or Letopolis)Strabo xvii. pp. 812, 817 or (Polis Laton)Ptol. iv. 5. § 71 or (Latton);Hierocl. p. 732Itin. Antonin. p. 160 Latin: Lato, is a city in Egypt (...)",city,,,,,,,,,,,,,
x30746,Festival Hall of Thutmose III,,modern,Q,Temple of Amun,,,,,,,,,,,,83,en.wikipedia.org/wiki/Festival_Hall_of_Thutmose_III,Festival Hall of Thutmose III,25.71874,32.6574,"The Festival Hall of Thutmose III (Akh-menu). It is normally translated as ""the most glorious of monuments"", but ""monument to living spirit"" is an alternative translation since akh can mean either glory or blessed/living spirit (For instance, Akhenaten is often translated as ""living spirit of Aten"") (...)",landmark,,,,,,,,,,,,,
x322747,First Cache,,modern,Q,Tomb of Inhapy (Thebes),,First Royal Cache,,"Theban Tomb (TT) 320 is located next to Deir el-Bahari in the Theban necropolis and contained an extraordinary cache of mummified remains and funeral equipment of more than 50 kings, queens, royals and their nobility. The tomb may have originally belonged to the High Priest of Amun Pinedjem II, his wife Nesikhons and other close family members. At the time of Pinudjem’s death around 969 BC, mummies from former dynasties that were vulnerable to grave robbers were moved that in a collective efforts to protect them.",,,,,,,,,,,,,,,,,,,,,,,,,,,
x109587,Gabanet el Giroud,,modern,Q,Qena (Governorate)~Thebes (historic - Upper Egypt),,,,,,,,,,,,,,,,,,,,,,,,,,,,,,,
x30877,Gebel el-Silsila,,modern,Q,Aswan (Governorate)~Upper Egypt (historic),,,,,82,https://sws.geonames.org/355287,Jabal as Silsilah,24.58333,32.95,railroad station,Jabal as Silsilah|JabalasSilsilah|Gebel el Silsila|Gebel el Silsila Station|Gebel es-Silsilah|Mahattat Jabal as Silsilah|Maḩaţţat Jabal as Silsilah|Silsila|Silsilah,67,en.wikipedia.org/wiki/Gebel_el-Silsila,Gebel el-Silsila,24.642687,32.933965,"Gebel el-Silsila or Gebel Silsileh (Arabic: جبل السلسلة - Jabal al-Silsila or Ǧabal as-Silsila - ""Chain of Mountains"" or ""Series of Mountains""; Egyptian: ẖny, Khenyt,Kitchen (1983). Kheny or Khenu - ""The Place of Rowing""; German: Dschabal as-Silsila - ""Ruderort"", or ""Ort des Ruderns"" - ""Place of (...)",landmark,,,,,,,,100,https://www.trismegistos.org/place/699,Gebel el-Silsila,"Egypt, U01 - Gebel el-Silsila",24.484295,32.930198
x29005,Gebelein,,modern,K,Aswan (Governorate)~Upper Egypt (historic),,Aphroditopolis(ii)~Pathyris~Per-Hathor~Gebel Ayn,,,,,,,,,,,,,,,,,,,,,,,,42,https://www.trismegistos.org/place/5099,El-Rizeiqat,"Egypt, U04a - El-Rizeiqat",25.6,32.46666666666667
x29024,Girga,,modern,K,Sohag (town),,Tjeny~Girgeh~Jirga,,Girga is the historic name for part of what is now called Sohag.,100,https://sws.geonames.org/355026,Girga,26.33721,31.89295,populated place,Girga|Jirja|Jirjā|jrja|جرجا,50,en.wikipedia.org/wiki/Girga,Girga,26.329883763888887,31.883697511111112,"Girga  is a city in the Sohag Governorate of Upper Egypt. It is located on the west bank of the Nile River. Girga was the capital of the Girga Governorate until 1960, when the capital was moved to Sohag and the name of the governorate changed accordingly.  (...)",city,64,https://pleiades.stoa.org/places/456070,Garga,,,"An ancient settlement, attested by literary or documentary sources, whose precise location cannot be determined today",Garga,50,https://www.trismegistos.org/place/3488,Naga el-Girgawi,"Egypt, Aethiopia - Naga el-Girgawi",22.616666666666667,32.28333333333333
x109598,Girgeh,,modern,K,Sohag (town),,Girga~Jirga,,,,,,,,,,,,,,,,,,,,,,,,,,,,,
x28993,Gurna,,modern,Q,Qurna (Thebes),,,,,,,,,,,,50,en.wikipedia.org/wiki/Kurna,Kurna,25.724999999999998,32.62083333333334,"Kurna (also Gourna, Gurna, Qurna, Qurnah or Qurneh) are various spelling for a group of three closely related villages (New Qurna, Qurna and Sheikh ‘Adb el-Qurna) located on the West Bank of the River Nile opposite the modern city of Luxor in Egypt near the Theban Hills (...)",,,,,,,,,,,,,,
x30494,Hammamia,,modern,Q,Asyut (Governorate)~Upper Egypt (historic),,Hammamiya,,,,,,,,,,50,en.wikipedia.org/wiki/El-Badari,El-Badari,26.9925,31.415555555555553,"El-Badari is an area of Upper Egypt between Matmar and Qau el-Kebir, including numerous Predynastic cemeteries (notably Mostagedda, Deir Tasa and the cemetery of el-Badari itself), as well as at least one early Predynastic settlement at Hammamia (...)",,,,,,,,,47,https://www.trismegistos.org/place/4945,Hammamiya,"Egypt, U10a - Hammamiya",26.933333333333334,31.483333333333334
x29002,Hermonthis,historic - city,archaic,K,Armant,,,Bucheum (Hermonthis),,100,https://sws.geonames.org/360170,Armant,25.61988,32.54305,populated place,Armant|Armanat|Armant Gharb|Ermont|Hermonthis|Hermōnthis|armnt|أرمنت,50,en.wikipedia.org/wiki/Hermonthis,Hermonthis,25.6166,32.55,"The modern town of Armant (ancient Egyptian Iuny; Coptic: Erment; known in Greek as Hermonthis), is located about 12 miles south of Thebes, in Egypt. It was an important Middle Kingdom town, which was enlarged during the Eighteenth Dynasty (...)",landmark,100,https://pleiades.stoa.org/places/786036,Hermonthis,25.550269,32.508054,An important town of the Egyptian Middle Kingdom that was enlarged during the Eighteenth Dynasty.,Ἑρμωνθὶς|Hermonthis|Harmonike|Hermethis|Hermouthis|Armant,100,https://www.trismegistos.org/place/812,Hermonthis,"Egypt, U04a - Hermonthis (Armant)",25.550269,32.508054
x116125,Hermonthite Nome,,archaic,I,Egypt~Upper Egypt (historic),,Hermonthis~Hermonthite~Ερμωνθιτης Νομος,,Nome (administrative district of Ancient Egypt).,,,,,,,,,,,,,,,,,,,,,,40,https://www.trismegistos.org/place/2981,Hermonthites,"Egypt, U04a - Hermonthites",,
x30635,Hezab,,modern,Q,Qena (Governorate)~Upper Egypt (historic),,Higaza~Hijazah~Hegazah,,,,,,,,,,,,,,,,,,,,,,,,,,,,,
x29008,Hierakonpolis,,archaic,Q,Kom el-Ahmar,,,,,100,https://sws.geonames.org/360950,Al Kawm al Aḩmar,25.11667,32.7,ruin(s),Al Kawm al Aḩmar|Al Kawm al Ahmar|Hieraconpolis|Hierakonpolis|Kom el Ahmar|Kōm el Ahmar|Nekhen,50,en.wikipedia.org/wiki/Nekhen,Nekhen,25.1166,32.8,"Nekhen or Hierakonpolis (; hierakōn polis, ""city of hawks"",Strabo xvii. p. 817 , Al-Kom Al-Aħmar, ""red mound"") was the religious and political capital of Upper Egypt at the end of the Predynastic period (3200 – 3100 BC), and probably also during the Early Dynastic Period (3100 – 2686 BC) (...)",landmark,100,https://pleiades.stoa.org/places/727126,Hierakonpolis,31.038142,30.347395,"An ancient place, cited: BAtlas 74 C2 Hierakonpolis",Hierakonpolis,48,https://www.trismegistos.org/place/847,Hierakopolis,"Egypt, L07? - Hierakopolis",31.038142,30.347395
x101849,"Hilla, el-",,modern,Q,Qena (Governorate)~Upper Egypt (historic),el-Hilla,el-Hilla,,,100,https://sws.geonames.org/361153,Al Ḩillah,25.28492,32.5821,populated place,Al Ḩillah|Al Hillah|Al-Hillah|Al-Ḥillah|Contra Latopolis|El Hilla|El Ḥilla|alhlt|الحلة,,,,,,,,,,,,,,,,,,,,
x30445,"Hissaya, el-",,modern,Q,Qena (Governorate)~Upper Egypt (historic),el-Hissaya,"El-Hissaya~Hissaya, el-",,Cemetery site near Esna.,,,,,,,,,,,,,,,,,,,,,,,,,,,
x30413,Hiw,,modern,K,Qena (Governorate)~Upper Egypt (historic),,Diospolis Parva~Hut~Hut-Sekhem~Hu~Hw,,,100,https://sws.geonames.org/355855,Hiw,26.01949,32.28252,populated place,Hiw|Diospolis Mikra|Diospolis Parva|Hiu|hw|هو,,,,,,,,,,,,,,,,,,,,
x51757,Hypselite Nome,,archaic,I,Egypt~Upper Egypt (historic),,Hypselis~Hypselite~Υψηλιτης Νομος,,Nome (administrative district of Ancient Egypt).,,,,,,,,,,,,,,,76,https://pleiades.stoa.org/places/756579,Hypselites Nomos,27.25,31.25,"An ancient place, cited: BAtlas 77 E2 Hypselites Nomos",Hypselites Nomos,,,,,,
x27307,Karnak,Thebes,modern,Q,"Uqsur, el- (Governorate)~Thebes (historic - Upper Egypt)",,,,,100,https://sws.geonames.org/360964,Al Karnak,25.71771,32.65393,populated place,Al Karnak|El Karnak|El Kharnak|El Kharnâk|Karnak|alkrnk|الكرنك,50,en.wikipedia.org/wiki/Karnak,Karnak,25.71861111111111,32.65861111111111,"The Karnak Temple Complex, commonly known as Karnak (. Merriam-Webster's Collegiate Dictionary, Eleventh Edition. Merriam-Webster, 2007. p. 1550), comprises a vast mix of decayed temples, chapels, pylons, and other buildings (...)",landmark,,,,,,,,100,https://www.trismegistos.org/place/13527,Isieion [Karnak],"Egypt, U04b - Isieion [Karnak]",,
x30460,Khizam,,modern,Q,Qena (Governorate)~Upper Egypt (historic),,Khozam~Khuzam,,,,,,,,,,,,,,,,,,,,,,,,100,https://www.trismegistos.org/place/5017,Khizam,"Egypt, U04b - Khizam",25.766666666666666,32.766666666666666
THES264994,"Khokha, el-",Thebes,modern,Q,Qena (Governorate)~Thebes (historic - Upper Egypt),el-Khokha (Thebes),,,Part of the Theban Necropolis.,80,https://sws.geonames.org/8224893,El-Khokha,25.73287,32.61257,tomb(s),El-Khokha,,,,,,,,,,,,,,,,,,,,
x30366,Kom el-Ahmar,,modern,Q,Aswan (Governorate)~Upper Egypt (historic),,Hebenu~Hierakonpolis~Nekhen,,,100,https://sws.geonames.org/360950,Al Kawm al Aḩmar,25.11667,32.7,ruin(s),Al Kawm al Aḩmar|Al Kawm al Ahmar|Hieraconpolis|Hierakonpolis|Kom el Ahmar|Kōm el Ahmar|Nekhen,80,en.wikipedia.org/wiki/Nekhen,Nekhen,25.1166,32.8,"Nekhen or Hierakonpolis (; hierakōn polis, ""city of hawks"",Strabo xvii. p. 817 , Al-Kom Al-Aħmar, ""red mound"") was the religious and political capital of Upper Egypt at the end of the Predynastic period (3200 – 3100 BC), and probably also during the Early Dynastic Period (3100 – 2686 BC) (...)",landmark,,,,,,,,100,https://www.trismegistos.org/place/4402,Kom el-Ahmar,"Egypt, L03? - Kom el-Ahmar",,
x29021,Kom Ombo,,modern,Q,Aswan (Governorate)~Upper Egypt (historic),,Kôm Ombo,,,100,https://sws.geonames.org/353802,Kawm Umbū,24.47669,32.94626,populated place,Kawm Umbū|Kawm Umbu|Kawm Ombo|Kom Ombo|Kom Ombo - kwm ambw|Kom Ombo - كوم أمبو|Kum Ombu|Kôm Ombo|Omboi|Ombos|kom-ombo|Ком-Омбо|コム・オンボ,100,en.wikipedia.org/wiki/Kom_Ombo,Kom Ombo,24.483333,32.95,"Kom Ombo (Arabic: كوم أمبو) (Coptic: Embo; Omboi, Ptol. iv. 5. § 73; Steph. B. s. v.; It. Anton. p. 165) or Ombos (Juv. xv. 35) or Latin: Ambo (Not. Imp. sect. 20) and Ombi &ndash; is an agricultural town in Egypt famous for the Temple of Kom Ombo (...)",city,100,https://pleiades.stoa.org/places/786079,Omboi,24.45205277777778,32.92824444444445,The Ptolemaic temple to Sobek and Horus the Elder at Kom Ombo.,Ὄμβοι|Omboi|Ambos|Ombos|Kom Ombo,62,https://www.trismegistos.org/place/1499,Omboi,"Egypt, U01 - Omboi (Kom Ombo)",24.4520527778,32.9282444444
x29004,Latopolis,,modern,K,Esna,,,,,100,https://sws.geonames.org/355449,Isnā,25.29336,32.55402,populated place,Isnā|Isna|Asna|Asnā|Ehsna|Esna|Esneh|Latonpolis|Latopolia|Latopolis|Latónpolis|asna|Эсна|איסנא|אסנא|إسنا,50,en.wikipedia.org/wiki/Esna,Esna,25.297500000000003,32.55416666666667,"Esna , known to the ancient Egyptians as Egyptian: Iunyt or Ta-senet; Greek: (Latopolis or Letopolis)Strabo xvii. pp. 812, 817 or (Polis Laton)Ptol. iv. 5. § 71 or (Latton);Hierocl. p. 732Itin. Antonin. p. 160 Latin: Lato, is a city in Egypt (...)",city,100,https://pleiades.stoa.org/places/786059,Latopolis,25.2936689,32.5531993,"An ancient place, cited: BAtlas 80 B3 Latopolis",Latopolis|Esna|Tempel des Chnum und Nebut|Temple of Khnum and Nebut|[tꜣ]-snj jwnyt|tꜣ-snj jwnyt|snj jwnyt|Λατόπολις|Latōn Polis|Laton Polis|Latōn polis|snꜣt|snt|Senet|Snē|Sne|jwnjjt|jwnjt-rsjt|Isna|Isnā|Isnā Site 2|Isna Site 2|Isnā Site 13|Isna Site 13|Isnā sites|Isna Sites|jwnjt,100,https://www.trismegistos.org/place/1227,Latopolis,"Egypt, U03 - Latopolis (Esna)",25.273504425,32.545454175
x51758,Latopolite Nome,,archaic,I,Egypt~Upper Egypt (historic),,Latopolis~Latopolite~Λατοπολιτης Νομος,,Nome (administrative district of Ancient Egypt).,,,,,,,,,,,,,,,66,https://pleiades.stoa.org/places/727150,Letopolites Nomos,30.25,31.25,"An ancient place, cited: BAtlas 74 E4 Letopolites Nomos",Letopolites Nomos,,,,,,
x27052,Luxor,Thebes,modern,K,"Uqsur, el- (Governorate)~Thebes (historic - Upper Egypt)",,Diospolis Magna~No~El-Usqur~Waset,,,100,https://sws.geonames.org/360502,Luxor,25.69893,32.6421,seat of a first-order administrative division,Luxor|Al Uqsur|El Aqsur|El Kusur|El Qusur|El Uqsor|El-Aksur|El-Uksur|LXR|Louksor|Louxor|Loxor|Loxòr|Lucsar|Luksor|Luksor shaary|Luksora|Luksoras|Luksoro|Luqsor|Luxor- alaqsr|Luxor- الأقصر|Lúxor|al-ukcur|alaqsr|aqsr|lak sxr|lakasara|laksara|le shu|lksr|lugsoleu|luksora|luksori|lwqswr|rukusoru|Λούξορ|Луксор|Луксор шаары|Լուքսոր|לוקסור|اقصر|الأقصر|الاقصر|لکسر|लक्सर|लुक्सोर|ਲਕਸਰ|அல்-உக்சுர்|ลักซอร์|ლუქსორი|ルクソール|樂蜀|룩소르,,,,,,,,,,,,,,,,,,,,
x30461,"Mahasna, el-",,modern,Q,Sohag (Governorate)~Upper Egypt (historic),el-Mahnasa,El-Mahnasa,,,90,https://sws.geonames.org/360825,Al Maḩāsinah al Gharbīyah,26.27635,31.82945,populated place,Al Maḩāsinah al Gharbīyah|Al Mahasinah al Gharbiyah|Al Mahasinah|Al Maḩāsinah|Al-Mahasnah al-Gharbiyyah|Al-Maḥāsnah al-Gharbiyyah|El Mahasna|El Mahasna el-Gharbiya|El Mahâsna|El Maḥâsna el-Gharbîya|almhasnh alghrbyt|المحاسنه الغربية,,,,,,,,95,https://pleiades.stoa.org/places/868515125,el-Mahasna,26.2606441,31.8401232,Predynastic cemetery site approximately 8 miles north of Abydos. A small settlement was built on the site in the Early Dynastic period.,المحاسنة|al-Maḥāsna|el-Maḥāsna|El Mahâsna,50,https://www.trismegistos.org/place/5040,El-Mahasna,"Egypt, U08 - El-Mahasna",26.266666666666666,31.833333333333332
x30591,"Malqata, el-",Thebes,modern,Q,Qena (Governorate)~Thebes (historic - Upper Egypt),el-Malqata (Thebes),El-Malqata~Malkata,,,,,,,,,,75,en.wikipedia.org/wiki/Malkata,Malkata,25.715278,32.591111,"Malkata (or Malqata), meaning the place where things are picked up in Arabic, is the site of an Ancient Egyptian palace complex built by the 18th Dynasty pharaoh Amenhotep III. It is located on the West Bank of the Nile at Thebes, Egypt, in the desert to the south of Medinet Habu (...)",landmark,64,https://pleiades.stoa.org/places/223974299,Malkata,25.71558137850684,32.59282420351209,Site located south of the Theban Necropolis containing a New Kingdom palace complex constructed by Amenhotep III of the 18th Dynasty.,الملقطة|al-Malqata|al-Malkata|Malqata,,,,,,
x30503,Matmar,,modern,Q,Asyut (Governorate)~Upper Egypt (historic),,,,,80,https://sws.geonames.org/360677,Al Maţmar,27.10592,31.32943,populated place,Al Maţmar|Al Matmar|Al Mitmar|Al Miţmar|Al-Matmar|Al-Maṭmar|El Matmar|El Maṭmar|almtmr|المطمر,50,en.wikipedia.org/wiki/El-Badari,El-Badari,26.9925,31.415555555555553,"El-Badari is an area of Upper Egypt between Matmar and Qau el-Kebir, including numerous Predynastic cemeteries (notably Mostagedda, Deir Tasa and the cemetery of el-Badari itself), as well as at least one early Predynastic settlement at Hammamia (...)",,,,,,,,,100,https://www.trismegistos.org/place/4944,Matmar,"Egypt, U10a - Matmar",27.1,31.333333333333332
x64002,Mattrack,,modern,O,Qena (Governorate)~Upper Egypt (historic),,,,"Near Dendera.  Precise location unknown, scope note suggests Qena governorate.",,,,,,,,,,,,,,,,,,,,,,,,,,,
x28994,Medinet Habu,Thebes,modern,Q,Qena (Governorate)~Thebes (historic - Upper Egypt),,,,,74,https://sws.geonames.org/9073432,Madīnat Habū,25.71937,32.60123,archaeological/prehistoric site,Madīnat Habū|Madinat Habu|Ma`bad Madinat Habu|Ma‘bad Madīnat Hābū|Medinet Habu|Mortuary Temple of Ramesses III|mdynt hbw|mʿbd mdynt habw|مدينة هبو|معبد مدينة هابو,67,en.wikipedia.org/wiki/Medinet_Habu_%28temple%29,Medinet Habu (temple),25.71983333333333,32.60077777777778,"The Mortuary Temple of Ramesses III at Medinet Habu is an important New Kingdom period structure in the West Bank of Luxor in Egypt. Aside from its size and architectural and artistic importance, the temple is probably best known as the source of inscribed reliefs depicting the advent and defeat of (...)",landmark,100,https://pleiades.stoa.org/places/321318358,Medinet Habu,25.72001441111111,32.59988247868802,"The New Kingdom mortuary temple of Ramesses III at Medinet Habu, on the West bank of the Nile near Luxor.",Medinet Habu,43,https://www.trismegistos.org/place/10673,Heka-Iounou,"Egypt, U04b - Heka-Iounou",,
x31181,Memnonia,Thebes,modern,Q,Qena (Governorate)~Thebes (historic - Upper Egypt),,Memnoneia~Memnonaea~Memnoniea,,"Ptolemaic and Roman name for the area and settlements of the Theban necropolis, particularly Djeme at Medinet Habu, but extending across the whole necropolis, according to Trismegistos. https://www.trismegistos.org/place/1341.",,,,,,,,,,,,,,,100,https://pleiades.stoa.org/places/786067,Memnonia,25.631139,32.560331,"An archaeological site in the Theban Hills on the West Bank of the Nile river opposite Luxor, Egypt. The location is best known for the Mortuary Temple of Ramesses III.",Memnonia|Jeme|Thebes west,41,https://www.trismegistos.org/place/11812,Memnonion,"Egypt, U08 - Memnonion",,
x30440,Monastery of St Phoibammon,,modern,Q,Deir el-Bahri (Thebes),,Monastery of Phoibammon,,,,,,,,,,,,,,,,,,,,,,,,,,,,,
x30495,Mortuary Temple of Nebwennef,Thebes,modern,Q,Qurna (Thebes),,,,,,,,,,,,,,,,,,,,,,,,,,,,,,,
x30491,Mostagedda,,modern,Q,Asyut (Governorate)~Upper Egypt (historic),el-Mustagidda,"El-Mostagidda~El-Mustagidda~Mustagidda, el-",,,,,,,,,,75,en.wikipedia.org/wiki/El-Badari,El-Badari,26.9925,31.415555555555553,"El-Badari is an area of Upper Egypt between Matmar and Qau el-Kebir, including numerous Predynastic cemeteries (notably Mostagedda, Deir Tasa and the cemetery of el-Badari itself), as well as at least one early Predynastic settlement at Hammamia (...)",,,,,,,,,,,,,,
x30735,Nag el-Deir,,modern,Q,Sohag (Governorate)~Upper Egypt (historic),,Naga el-Deir~Naga ed-Deir~Naga ed Deir~Naga el-Dayr~Nagaa ed-Dayr,,,100,https://sws.geonames.org/351509,Naj‘ ad Dayr al Gharbī,26.1,32.01667,populated place,Naj‘ ad Dayr al Gharbī|Naj` ad Dayr al Gharbi|El Deir|Nag` el-Deir el Gharbi|Nag‘ el-Deir el Gharbi,,,,,,,,,,,,,,,50,https://www.trismegistos.org/place/5070,Nag' el-Deir,"Egypt, U08 - Nag' el-Deir",26.366666666666667,31.9
x30507,Nag el-Ghabat,,modern,Q,Sohag (Governorate)~Upper Egypt (historic),,Ghabbat,,,82,https://sws.geonames.org/351641,Naj‘ al Ghābāt,26.16873,31.94692,populated place,Naj‘ al Ghābāt|Naj` al Ghabat|Nag' el-Ghabat|Nag’ el-Ghâbât|نجع الغابات,,,,,,,,,,,,,,,40,https://www.trismegistos.org/place/56779,Nag' el-Hagar,"Egypt, U01 - Nag' el-Hagar",,
x30336,Nag el-Madamud,,modern,Q,Qena (Governorate)~Upper Egypt (historic),,Madu~Medamund~Medamud~Madamud~Naga el-Medamud~Naga el-Medamund~Naga el-Madamud~Nagaa al-Madamud~Almdamod,,,97,https://sws.geonames.org/351481,Al Madāmūd,25.73433,32.712,populated place,Al Madāmūd|Al Madamud|Medamot|Medamut|Medamôt|Nag el Madamud|Nag el Madāmūd|Naj` al Madamud|Naj‘ al Madāmūd|almdamwd|المدامود,,,,,,,,,,,,,,,,,,,,
x29017,Naqada,,modern,K,Qena (Governorate)~Upper Egypt (historic),,Es-Saoniya~Ombos,,,100,https://sws.geonames.org/351356,Naqādah,25.90107,32.72392,populated place,Naqādah|Naqadah|Naqada|Naqāda|nqadt|نقادة,67,en.wikipedia.org/wiki/Naqada,Naqada,25.91361111111111,32.70888888888889,"Naqada is a town on the west bank of the Nile in the Egyptian governorate of Qena. It was known in Ancient Egypt as Nbwt and in classical antiquity as Ombos . Its name derives from ancient Egyptian nbw, meaning gold, on account of the proximity of gold mines in the Eastern Desert (...)",city,69,https://pleiades.stoa.org/places/876663,Nazada,,,"An ancient place, cited: BAtlas 89 unlocated Nazada",Nazada,42,https://www.trismegistos.org/place/2994,Nagada,"Egypt, U05 - Nagada",25.9,32.71666666666667
x51760,Ombite Nome,,archaic,I,Egypt~Upper Egypt (historic),,Ombis~Ομβιτης Νομος~Ombite,,Nome (administrative district of Ancient Egypt).,,,,,,,,,,,,,,,,,,,,,,,,,,,
x30355,Osireion,Abydos,modern,Q,Abydos,,,,,,,,,,,,50,en.wikipedia.org/wiki/Osireion,Osireion,26.184132,31.918475,The Osirion or Osireon is located at Abydos at the rear of the temple of Seti I. It is an integral part of Seti I's funeral complex and is built to resemble an 18th Dynasty Valley of the Kings tomb. It was discovered by archaeologists Flinders Petrie and Margaret Murray who were excavating the site (...),landmark,,,,,,,,47,https://www.trismegistos.org/place/11813,Osirieion,"Egypt, U08 - Osirieion",,
x30592,Palace of Amenhotep III,,modern,Q,"Malqata, el- (Thebes)",,,,,,,,,,,,,,,,,,,,,,,,,,,,,,,
x40643,Panopolis,historic - city,archaic,K,Akhmim,,,,,100,https://sws.geonames.org/361661,Akhmīm,26.5622,31.74566,populated place,Akhmīm|Akhmim|Akhmun|Akhmûn|Ekhmin|Khemmis|Paloupolis|Panopolis|Panospolis|akhmym|Ахмим|أخميم,50,en.wikipedia.org/wiki/Akhmim,Akhmim,26.56416666666667,31.746111111111112,"Akhmim (; from Egyptian: Khent-min&#x202f;; Coptic: ') is a city in the Sohag Governorate of Upper Egypt. Referred to by the ancient Greeks as Khemmis, Chemmis and Panopolis, it is located on the east bank of the Nile, 4 miles to the northeast of Sohag.  (...)",city,72,https://pleiades.stoa.org/places/756613,Panopolis/Schmin,26.5648875,31.745175500000002,Capital city of the ninth (Chemmite) nome of Upper Egypt.,Panopolis|Schmin,100,https://www.trismegistos.org/place/1589,Panopolis,"Egypt, U09 - Panopolis (Akhmim)",26.565878,31.746075
x116126,Panopolite Nome,,archaic,I,Egypt~Upper Egypt (historic),,Panopolis~Panopolite~Πανοπολιτης Νομος,,Nome (administrative district of Ancient Egypt).,,,,,,,,80,en.wikipedia.org/wiki/Athribis_%28Upper_Egypt%29,Athribis (Upper Egypt),26.511375,31.6653,"Athribis (Greek:), also known to the ancient Greeks as Triphieion or Tripheion, and to the ancient Egyptians as Hut-Repyt, was an ancient city of Egypt, in the Panopolite nome. The modern village of Wannina in the Sohag Governorate is situated here (...)",city ,77,https://pleiades.stoa.org/places/756614,Panopolites Nomos,26.75,31.75,"An ancient place, cited: BAtlas 77 F3 Panopolites Nomos",Panopolites Nomos,,,,,,
x22574,Philae,,modern,Q,Aswan (Governorate)~Upper Egypt (historic),,,,,100,https://sws.geonames.org/356859,Philae,24.01377,32.87749,island,Philae|Filae|File|Jazirat Filah|Jazīrat Fīlah|Philaé|fei lai shen dian|firae shen dian|フィラエ神殿|菲萊神殿,50,en.wikipedia.org/wiki/Philae,Philae,24.0217,32.888909,"Philae ('; Ancient Egyptian: Pilak, P'aaleq; ) is currently an island in the reservoir of the Aswan Low Dam, downstream of the Aswan Dam and Lake Nasser, Egypt. Philae was originally located near the expansive First Cataract of the Nile River in southern Egypt, and was the site of an Ancient (...)",landmark,100,https://pleiades.stoa.org/places/786089,Philae,24.025031,32.884252,"An ancient island located just above the first cataract of the Nile that was flooded by the construction of the Aswan High Dam. The island was home to a multi-period temple complex, which was moved to the nearby island of Agilkia and declared a UNESCO World Heritage Site in the 1970s.",Philae,42,https://www.trismegistos.org/place/1767,Philai,"Egypt, U01 - Philai",24.025031,32.884252
THES264957,Psiathous,historic,archaic,Q,Qena (Governorate)~Upper Egypt (historic),,,,"Precise location unknown. Trismegistos distribution of texts  mentioning Psiathous suggests a location in the Qena  governorate west of Luxor, in the region of Armant. https:// www.trismegistos.org/place/8191",,,,,,,,,,,,,,,100,https://pleiades.stoa.org/places/789778,Psiathous,,,"An ancient settlement, attested by literary or documentary sources, whose precise location cannot be determined today",Psiathous,100,https://www.trismegistos.org/place/8191,Psiathous,"Egypt, U04a - Psiathous",,
x30771,Qamula,Thebes,modern,Q,Qena (Governorate)~Thebes (historic - Upper Egypt),,Kamoula~Kamula~Nagaa Qamula al-Hayt,,,89,https://sws.geonames.org/12083810,Naj‘ Qamūlā Al Ḩayţ,25.80191,32.74005,populated place,Naj‘ Qamūlā Al Ḩayţ|Naj` Qamula Al Hayt|Naj` Qanula al-Hayt|Naj‘ Qanūla al-Ḥayṭ|نجع قمولا الحيط,,,,,,,,,,,,,,,,,,,,
x30427,"Qasr Wa-l-Saiyad, el-",,modern,Q,Qena (Governorate)~Upper Egypt (historic),el-Qasr Wa-l-Saiyad,Chenoboscium~Khenoboskion~El-Qasr Wa-l-Saiyad,,,,,,,,,,,,,,,,,,,,,,,,,,,,,
x30493,Qaw el-Kebir,,modern,Q,Asyut (Governorate)~Upper Egypt (historic),,"Antaeopolis~Djew-Qa~Etmaniya, el-~Tjebu~Qâu el-Kebir~Kau el-Kebir~Kaw el-Kebir",,,,,,,,,,78,en.wikipedia.org/wiki/Tjebu,Tjebu,26.9,31.516667,"Tjebu or Djew-Qa, commonly known as Qau, is an ancient Egyptian city, located on the eastern bank of the Nile, in the modern Sohag governorate. In the Greco-Roman period, its name was Antaeopolis, and its modern name is Qaw el-Kebir (...)",city,,,,,,,,,,,,,
THES264757,Qena,Governorate,modern,E,Egypt~Upper Egypt (historic),,Kena~Qena~Quena~Qina,,Qena governorate,100,https://sws.geonames.org/350550,Qinā,26.16418,32.72671,seat of a first-order administrative division,Qinā|Qina|Caene|Kena|Keneh|Qana|Qanā|Qena|astan qna|qna|استان قنا|قنا,100,en.wikipedia.org/wiki/Qena_Governorate,Qena Governorate,26.143,32.728,"Qena Governorate is one of the governorates of Egypt. Located in the southern part of the country, it covers a stretch of the Nile valley. Its capital is the city of Qena.  (...)",,,,,,,,,100,https://www.trismegistos.org/place/55197,Wadi Qena,"Egypt, Eastern desert - Wadi Qena",,
x22915,Qena,town,modern,K,Qena (Governorate)~Upper Egypt (historic),,Kaine~Keneh~Qina,,,100,https://sws.geonames.org/350550,Qinā,26.16418,32.72671,seat of a first-order administrative division,Qinā|Qina|Caene|Kena|Keneh|Qana|Qanā|Qena|astan qna|qna|استان قنا|قنا,50,en.wikipedia.org/wiki/Qena_Governorate,Qena Governorate,26.143,32.728,"Qena Governorate is one of the governorates of Egypt. Located in the southern part of the country, it covers a stretch of the Nile valley. Its capital is the city of Qena.  (...)",,,,,,,,,100,https://www.trismegistos.org/place/55197,Wadi Qena,"Egypt, Eastern desert - Wadi Qena",,
x30406,Qift,,modern,K,Qena (Governorate)~Upper Egypt (historic),,Gebtu~Quft~Koft~Qûft,,,100,https://sws.geonames.org/350560,Qifţ,25.99845,32.81808,populated place,Qifţ|Qift|Coptos|qft|قفط,100,en.wikipedia.org/wiki/Qift,Qift,25.996434,32.816187,"Qift (; Coptic: Keft or Kebto; Egyptian Gebtu; Coptos or Koptos; Roman Justinianopolis) is a small town in the Qena Governorate of Egypt about 43 km north of Luxor, on the east bank of the Nile.  (...)",city,,,,,,,,44,https://www.trismegistos.org/place/53013,Shait,"Egypt, Eastern desert - Shait",24.721213,34.392329
x28992,Qurna,Thebes,modern,Q,Qena (Governorate)~Thebes (historic - Upper Egypt),,,,This refers to the village of Qurna at the north end of the Theban necropolis.,100,https://sws.geonames.org/360534,Al Qurnah,24.93333,32.83333,ruin(s),Al Qurnah|El Kurna|El Qurna|Kurna|Qurna,50,en.wikipedia.org/wiki/Sheikh_Abd_el-Qurna,Sheikh Abd el-Qurna,25.7317,32.6092,"The necropolis of Sheikh Abd el-Qurna is located on the West Bank at Thebes in Upper Egypt. It is part of the archaeological area of Deir el-Bahari. Named after the doomed tomb of the local saint. This is the most frequently visited cemetery on the Theban west bank, with the largest concentration of (...)",city,,,,,,,,,,,,,
THES264996,Qurnet Murai,Thebes,modern,Q,Qena (Governorate)~Thebes (historic - Upper Egypt),,,,Part of the Theban Necropolis.,,,,,,,,67,en.wikipedia.org/wiki/Qurnet_Murai,Qurnet Murai,25.72583333333333,32.603611111111114,"The necropolis of Qurnet Murai'  is located on the West Bank of the Nile at Thebes, Egypt, just to the south of Sheikh Abd el-Qurna. It was also used as a cemetery for officials of the New Kingdom administration in Thebes.  (...)",city,,,,,,,,,,,,,
x22596,Qus,,modern,K,Qena (Governorate)~Upper Egypt (historic),,Apollinopolis Parva~Gesa~Gesy,,,100,https://sws.geonames.org/350422,Qūş,25.91544,32.76287,populated place,Qūş|Qus|Apollinopolis Parva|Apollonopolis Parva|Kousa|QUS|QŪṢ|qws|قوص,50,en.wikipedia.org/wiki/Qus,Qus,25.914435,32.758999,"Qus is a city in the modern Qena Governorate, Egypt, located on the east bank of the Nile. Its modern name is one of many borrowings in Egyptian Arabic from Coptic, the last living phase of Ancient Egyptian. In Graeco-Roman times, it was called Apollonopolis Parva or Apollinopolis Mikra (Greek: (...)",,,,,,,,,70,https://www.trismegistos.org/place/11672,Deir el-Quseir,"Egypt, U12 - Deir el-Quseir",,
x30306,Ramesseum,Thebes,modern,Q,Qena (Governorate)~Thebes (historic - Upper Egypt),,Memnonium~Ramasseum,,Mortuary temple of Pharaoh Rameses II.,100,https://sws.geonames.org/350295,Ramisiyūm,25.72798,32.61039,archaeological/prehistoric site,Ramisiyūm|Ramisiyum|Rameseum|Ramesseum|Ramesszeum|Ramesséum|Tomb of Osymandyas|la mei xi mu|rameciyam|rmsywm|Рамесеум|Рамессеум|רעמסאום|رمسيوم|معبد الرامسيوم|ராமேசியம்|拉美西姆,67,en.wikipedia.org/wiki/Ramesseum,Ramesseum,25.7275,32.6104,"The Ramesseum is the memorial temple (or mortuary temple) of Pharaoh Ramesses II (""Ramesses the Great"", also spelled ""Ramses"" and ""Rameses""). It is located in the Theban necropolis in Upper Egypt, across the River Nile from the modern city of Luxor (...)",landmark,100,https://pleiades.stoa.org/places/963047542,Ramesseum,25.727799804026947,32.61023137926131,"The funerary temple of Ramesses II, built within the area known as the Ipet-isut, ""The Most Selected of Places"", along the Nile River.",Ramesseum,100,https://www.trismegistos.org/place/11334,Ramesseum,"Egypt, U04b - Ramesseum",25.727772,32.610244
x30439,Ramp of Thutmose II,,modern,Q,Deir el-Bahri (Thebes),,,,,,,,,,,,,,,,,,,,,,,,,,,,,,,
x30378,"Salmiya, el-",,modern,Q,Qena (Governorate)~Upper Egypt (historic),el-Salmiya,El-Salmiya,,,100,https://sws.geonames.org/359869,As Sālimīyah,31.18246,30.59483,populated place,As Sālimīyah|As Salimiyah|As Salmiyah|As Salmiyyah|As Sālmiyyah|As Sālmīyah|El-Salmiya|El-Sâlmîya|alsalmyt|السالمية,,,,,,,,,,,,,,,,,,,,
x322748,Second Cache,,modern,Q,Tomb of Amenhotep II,,Second Royal Cache,,"KV 35 in the Valley of the Kings in Egypt originally belonged to king Amenhotep II from the 18th Dynasty but was later used a mummy cache. Royal and high elite  mummies from the 18th, 19th, and 20th Dynasty were relocated here during the Third Intermediate Period and were identified by in inscriptions on their burial wrappings.",,,,,,,,,,,,,,,,,,,,,,,,,,,
x30465,Semaina,,modern,Q,Qena (Governorate)~Upper Egypt (historic),,Sameineh~Semaineh,,,,,,,,,,,,,,,,,,,,,,,,,,,,,
x30388,Sheikh Abd el-Qurna,Thebes,modern,Q,Qena (Governorate)~Thebes (historic - Upper Egypt),,Sheikh abd el-Qurnah~Sheikh Abd al-Qurna~Sheikh Abd el-Gurna~Sheikh Abd el-Gurnah~Sheikh Abd al-Gurnah~Shaykh Abd el-Qurna~Shaykh Abd el-Qurneh,,The hill of Sheikh Abd el-Qurna in the Theban Necropolis,97,https://sws.geonames.org/8224894,Sheikh Abd el-Qurna,25.72493,32.60255,tomb(s),Sheikh Abd el-Qurna|shykh ʿbdalqrnt|شيخ عبدالقرنة,100,en.wikipedia.org/wiki/Sheikh_Abd_el-Qurna,Sheikh Abd el-Qurna,25.7317,32.6092,"The necropolis of Sheikh Abd el-Qurna is located on the West Bank at Thebes in Upper Egypt. It is part of the archaeological area of Deir el-Bahari. Named after the doomed tomb of the local saint. This is the most frequently visited cemetery on the Theban west bank, with the largest concentration of (...)",city,100,https://pleiades.stoa.org/places/779439862,Sheikh Abd el-Qurna,25.72493,32.60255,A necropolis located on the West Bank at Thebes in Upper Egypt that is now part of the archaeological area of Deir el-Bahari.,شيخ عبدالقرنة|Sheikh Abd el-Qurna,,,,,,
x30438,Shrine of Hathor,,modern,Q,Deir el-Bahri (Thebes),,,,,,,,,,,,,,,,,,,,,,,,,,,,,,,
x30722,Shrine of Kemsit,,modern,Q,Temple of Mentuhotep,,,,,,,,,,,,,,,,,,,,,,,,,,,,,,,
x30433,Shunet el-Zebib,Abydos,modern,Q,Abydos,,Shunet es Zebib~Shunet es-Zebib,,,,,,,,,,,,,,,,,,,,,,,,,,,,,
THES264755,Sohag,Governorate,modern,E,Egypt~Upper Egypt (historic),,Sawhāj~Sūhāj~Suhaj~Suhag~Girga~Girgeh,,"Sohag governorate, formerly known as Girga governorate until 1960.",100,https://sws.geonames.org/347796,Sohag,26.55695,31.69478,seat of a first-order administrative division,Sohag|HMB|Sauhadz|Sauhadż|Sawhaj|Sawhāj|Sevhac|Sogag|Sohagas|Sokhag|Souhag|Suhag|Suhaj|Suwhaj|sohageu|suhagi|suo ha jie|swhaj|Согаґ|Сохаг|سوهاج|სუჰაგი|索哈傑|소하그,57,en.wikipedia.org/wiki/Sohag,Sohag,26.560555555555556,31.691666666666666,"Sohag (Saidi pronunciation: ', '), also known as Sawhāj, Suhag and Suhaj,http://archive.is/20121216142816/http://www.world-gazetteer.com/wg.php?x=&men=gpro&lng=en&des=wg&geo=-69&srt=npan&col=abcdefghinoq&msz=1500&pt=c&va=&geo=419601169 is a city in Egypt that lies on the west bank of the Nile (...)",city,,,,,,,,100,https://www.trismegistos.org/place/2820,Sohag,"Egypt, U09 - Sohag",26.55,31.7
x22877,Sohag,town,modern,K,Sohag (Governorate)~Upper Egypt (historic),,Suhag~Suhaj~Sawhaj,,,100,https://sws.geonames.org/347796,Sohag,26.55695,31.69478,seat of a first-order administrative division,Sohag|HMB|Sauhadz|Sauhadż|Sawhaj|Sawhāj|Sevhac|Sogag|Sohagas|Sokhag|Souhag|Suhag|Suhaj|Suwhaj|sohageu|suhagi|suo ha jie|swhaj|Согаґ|Сохаг|سوهاج|სუჰაგი|索哈傑|소하그,100,en.wikipedia.org/wiki/Sohag,Sohag,26.560555555555556,31.691666666666666,"Sohag (Saidi pronunciation: ', '), also known as Sawhāj, Suhag and Suhaj,http://archive.is/20121216142816/http://www.world-gazetteer.com/wg.php?x=&men=gpro&lng=en&des=wg&geo=-69&srt=npan&col=abcdefghinoq&msz=1500&pt=c&va=&geo=419601169 is a city in Egypt that lies on the west bank of the Nile (...)",city,,,,,,,,100,https://www.trismegistos.org/place/2820,Sohag,"Egypt, U09 - Sohag",26.55,31.7
x30551,Sumenu,,archaic,K,Qena (Governorate)~Upper Egypt (historic),,Mohamed al Qibbliyya,,"Identified with the modern Mohamed al Qibliyya by Betro, Marilina, Sobek a Sumenu in Pernigotti. In: Sergio & Zecchi (eds.), Il coccodrillo ed il cobra. Aspetti dell'universo religioso egiziano nel Fayyum e altrove. Atti del colloquio, Bologna - 20/21 Aprile 2005. Imola. La Mandragora. 91-102",,,,,,,,,,,,,,,,,,,,,,,,,,,
x29015,Syene,,archaic,K,Aswan (town),,,,,100,https://sws.geonames.org/359792,Aswan,24.09082,32.89942,seat of a first-order administrative division,Aswan|ASW|Assouan|Assuan|Assuao|Assuão|Asszuan|Asszuán|Asuan|Asuanas|Asuano|Asuán|Asvan|Aswán|Aswân|Aswān|Es-Suan|Eswan|Syena|Syene|Syeue|a si wang|aseuwan|asuani|asuwan|asvana|aswan|Ασσουάν|Асуан|אסואן|أسوان|اسوان|आस्वान|ასუანი|アスワン|阿斯旺|아스완,,,,,,,,100,https://pleiades.stoa.org/places/786123,Syene,24.081158,32.89804,"The ancient city of Swenett in Egypt, called Syene by the Greeks.",Συήνη|Syene|Assuan|Suwān|Suwan|Uswān|Uswan|Souan|Aswān|Aswan|Syēnē|Syenē|swnw|Swenet,100,https://www.trismegistos.org/place/2207,Syene,"Egypt, U01 - Syene (Assuan)",24.081158,32.89804
x22759,Tahta,,modern,K,Sohag (Governorate)~Upper Egypt (historic),,,,,100,https://sws.geonames.org/347634,Ţahţā,26.76866,31.50198,populated place,Ţahţā|Tahta|Takhta|thta|Тахта|طهطا|Ṭahṭā,50,en.wikipedia.org/wiki/Tahta,Tahta,26.77027777777778,31.502777777777776,"Tahta, Sohag (/ , ALA-LC: Ṭahṭā) is a city in the Sohag Governorate of Upper Egypt. It is located on the west bank of the Nile.  (...)",city,,,,,,,,100,https://www.trismegistos.org/place/5124,Tahta,"Egypt, U09 - Tahta",26.766666666666666,31.5
x30607,Temple of Ahmose,Abydos,modern,Q,Abydos,,,,,,,,,,,,,,,,,,,,,,,,,,,,,,,
x30523,Temple of Amenhotep II,Thebes,modern,Q,Qena (Governorate)~Thebes (historic - Upper Egypt),,,,,,,,,,,,,,,,,,,,,,,,,,,,,,,
x30711,Temple of Amenhotep III,Thebes,modern,Q,Qena (Governorate)~Thebes (historic - Upper Egypt),,Kom el-Hetan~Kom el Hetan,,,,,,,,,,100,en.wikipedia.org/wiki/Mortuary_Temple_of_Amenhotep_III,Mortuary Temple of Amenhotep III,25.7218,32.6078,"The Mortuary Temple of Amenhotep III (known in modern times as Kom el-Hettan) is located in the Theban necropolis, on the west bank of the Nile, opposite Luxor in Egypt. It was built for the Pharaoh Amenhotep III (...)",landmark,,,,,,,,,,,,,
x30499,Temple of Amun,,modern,Q,Karnak (Thebes),,,,,52,https://sws.geonames.org/360405,Temple of Amun Ra,22.33333,31.6,archaeological/prehistoric site,Temple of Amun Ra,75,en.wikipedia.org/wiki/Precinct_of_Amun-Re,Precinct of Amun-Re,25.71861111111111,32.65861111111111,"The Precinct of Amun-Re, located near Luxor, Egypt, is one of the four main temple enclosures that make up the immense Karnak Temple Complex. The precinct is by far the largest of these and the only one that is open to the general public (...)",landmark,,,,,,,,,,,,,
x30587,Temple of Hathor,Dendara,modern,Q,Dendara,Temple of Hathor,,,,35,https://sws.geonames.org/11496843,Temple of The Goddess Hathor,26.14151,32.67066,temple(s),Temple of The Goddess Hathor,50,en.wikipedia.org/wiki/Dendera_Temple_complex,Dendera Temple complex,26.141833333333334,32.67011111111111,"Dendera Temple complex, (Ancient Egyptian: Iunet or Tantere; the 19th-century English spelling in most sources, including Belzoni, was Tentyra) is located about 2.5 km south-east of Dendera, Egypt. It is one of the best-preserved temple complexes in Egypt (...)",landmark,,,,,,,,,,,,,
x30603,Temple of Hathor,Mustagidda,modern,Q,Mostagedda,Temple of Hathor,,,,35,https://sws.geonames.org/11496843,Temple of The Goddess Hathor,26.14151,32.67066,temple(s),Temple of The Goddess Hathor,50,en.wikipedia.org/wiki/Dendera_Temple_complex,Dendera Temple complex,26.141833333333334,32.67011111111111,"Dendera Temple complex, (Ancient Egyptian: Iunet or Tantere; the 19th-century English spelling in most sources, including Belzoni, was Tentyra) is located about 2.5 km south-east of Dendera, Egypt. It is one of the best-preserved temple complexes in Egypt (...)",landmark,,,,,,,,,,,,,
x30444,Temple of Hatshepsut,,modern,Q,Deir el-Bahri (Thebes),,,,,67,https://sws.geonames.org/6698222,Temple of Hatshepsut,25.73736,32.60884,temple(s),Temple of Hatshepsut,50,en.wikipedia.org/wiki/Hatshepsut,Hatshepsut,25.738055555555558,32.60777777777778,"Hatshepsut (; also Hatchepsut; meaning Foremost of Noble Ladies; 1507–1458 BC) was the fifth pharaoh of the eighteenth dynasty of Egypt. Hatshepsut came to the throne of Egypt in 1478 BC. Officially, she ruled jointly with Thutmose III who had ascended to the throne as a child one year earlier (...)",landmark,,,,,,,,,,,,,
x30354,Temple of Isis,Thebes,modern,Q,Qena (Governorate)~Thebes (historic - Upper Egypt),,Deir el-Shewit~Deir el Shewit,,At Deir el-Shewit.,,,,,,,,,,,,,,,,,,,,,,,,,,,
x30312,Temple of Khnum,,modern,Q,Elephantine,,,,,,,,,,,,75,en.wikipedia.org/wiki/Temple_of_Beit_el-Wali,Temple of Beit el-Wali,23.961861111111112,32.86638888888889,"The Temple of Beit el-Wali is a rock-cut Ancient Egyptian temple in Nubia which was built by Pharaoh Ramesses II and dedicated to the deities of Amun-Re, Re-Horakhti, Khnum and Anuket.Arnold & Strudwick (2003), p (...)",adm1st,,,,,,,,,,,,,
x30661,Temple of Khons,,modern,Q,Karnak (Thebes),,,,,,,,,,,,50,en.wikipedia.org/wiki/Precinct_of_Amun-Re,Precinct of Amun-Re,25.71861111111111,32.65861111111111,"The Precinct of Amun-Re, located near Luxor, Egypt, is one of the four main temple enclosures that make up the immense Karnak Temple Complex. The precinct is by far the largest of these and the only one that is open to the general public (...)",landmark,,,,,,,,,,,,,
x30784,Temple of Khonspakhered,,modern,Q,Karnak (Thebes),,,,,,,,,,,,,,,,,,,,,,,,,,,,,,,
x30328,Temple of Mentuhotep,,modern,Q,Deir el-Bahri (Thebes),,,,,,,,,,,,50,en.wikipedia.org/wiki/Intef_III,Intef III,25.736666666666668,32.63638888888889,"Intef III was the third pharaoh of the Eleventh Dynasty of Egypt during the late First Intermediate Period in the 21st century BC, at a time when Egypt was divided in two kingdoms. The son of his predecessor Intef II and father of his successor Mentuhotep II, Intef III reigned for 8 years over Upper (...)",landmark,,,,,,,,,,,,,
x30309,Temple of Mut,,modern,Q,Karnak (Thebes),,,,,,,,,,,,50,en.wikipedia.org/wiki/Karnak,Karnak,25.71861111111111,32.65861111111111,"The Karnak Temple Complex, commonly known as Karnak (. Merriam-Webster's Collegiate Dictionary, Eleventh Edition. Merriam-Webster, 2007. p. 1550), comprises a vast mix of decayed temples, chapels, pylons, and other buildings (...)",landmark,,,,,,,,,,,,,
x30742,Temple of Nekhbet,,modern,Q,Elkab,,,,,,,,,,,,,,,,,,,,,,,,,,,,,,,
x30429,Temple of Osiris-Khentimentu,Abydos,modern,Q,Abydos,,Temple of Osiris~Temple of Khentimentu~Kom es-Sultan~Kom el-Sultan~Kom al-Sultan~Temple of Khentimentiu,,"The main temple of Abydos at Kom el-Sultan began as a temple of Khentimentu, but was later associated with and ultimately completely syncretised with Osiris.",,,,,,,,,,,,,,,,,,,,,,,,,,,
x30762,Temple of Ramses II,Abu Simbel,modern,Q,Abu Simbel (Nubia),Temple of Ramses II,,,,55,https://sws.geonames.org/350258,Ma‘bad Ramsīs ath Thānī,25.1342,32.81773,temple(s),Ma‘bad Ramsīs ath Thānī|Ma`bad Ramsis ath Thani|Ramses II Temple|Temple of Ramses II|معبد رمسيس الثاني,80,en.wikipedia.org/wiki/Ramesseum,Ramesseum,25.7275,32.6104,"The Ramesseum is the memorial temple (or mortuary temple) of Pharaoh Ramesses II (""Ramesses the Great"", also spelled ""Ramses"" and ""Rameses""). It is located in the Theban necropolis in Upper Egypt, across the River Nile from the modern city of Luxor (...)",landmark,,,,,,,,,,,,,
x30316,Temple of Ramses II,Abydos,modern,Q,Abydos,,,,,55,https://sws.geonames.org/350258,Ma‘bad Ramsīs ath Thānī,25.1342,32.81773,temple(s),Ma‘bad Ramsīs ath Thānī|Ma`bad Ramsis ath Thani|Ramses II Temple|Temple of Ramses II|معبد رمسيس الثاني,80,en.wikipedia.org/wiki/Ramesseum,Ramesseum,25.7275,32.6104,"The Ramesseum is the memorial temple (or mortuary temple) of Pharaoh Ramesses II (""Ramesses the Great"", also spelled ""Ramses"" and ""Rameses""). It is located in the Theban necropolis in Upper Egypt, across the River Nile from the modern city of Luxor (...)",landmark,,,,,,,,,,,,,
x30642,Temple of Ramses IV,Abydos,modern,Q,Abydos,,,,Probably a structure less substantial than a temple or additions to an existing temple.,,,,,,,,60,en.wikipedia.org/wiki/Medinet_Habu_%28temple%29,Medinet Habu (temple),25.71983333333333,32.60077777777778,"The Mortuary Temple of Ramesses III at Medinet Habu is an important New Kingdom period structure in the West Bank of Luxor in Egypt. Aside from its size and architectural and artistic importance, the temple is probably best known as the source of inscribed reliefs depicting the advent and defeat of (...)",landmark,,,,,,,,,,,,,
x30741,Temple of Seth,,modern,Q,Matmar,,,,,,,,,,,,,,,,,,,,,,,,,,,,,,,
x30649,Temple of Sety I,Abydos,modern,Q,Abydos,,,,,,,,,,,,,,,,,,,,,,,,,,,,,,,
x30448,Temple of Sety I,Thebes,modern,Q,Qurna (Thebes),Temple of Sety I,Temple of Seti I~Mortuary temple of Seti I,,Mortuary temple of Seti I at Thebes.,,,,,,,,,,,,,,,,,,,,,,,,,,,
x30407,Temple of Tausret,Thebes,modern,Q,Qena (Governorate)~Thebes (historic - Upper Egypt),,,,,,,,,,,,,,,,,,,,,,,,,,,,,,,
x30582,Temple of Thutmose III,,modern,Q,Deir el-Bahri (Thebes),,,,,,,,,,,,60,en.wikipedia.org/wiki/Hatshepsut,Hatshepsut,25.738055555555558,32.60777777777778,"Hatshepsut (; also Hatchepsut; meaning Foremost of Noble Ladies; 1507–1458 BC) was the fifth pharaoh of the eighteenth dynasty of Egypt. Hatshepsut came to the throne of Egypt in 1478 BC. Officially, she ruled jointly with Thutmose III who had ascended to the throne as a child one year earlier (...)",landmark,,,,,,,,,,,,,
x30697,Temple of Thutmose IV,,modern,Q,Qena (Governorate)~Thebes (historic - Upper Egypt),,,,,,,,,,,,,,,,,,,,,,,,,,,,,,,
x116127,Tentyrite Nome,,archaic,I,Egypt~Upper Egypt (historic),,Tentyris~Tentyrite~Τεντυριτης Νομος,,Nome (administrative district of Ancient Egypt).,,,,,,,,,,,,,,,76,https://pleiades.stoa.org/places/756656,Tentyrites Nomos,26.25,32.25,"An ancient place, cited: BAtlas 77 G4 Tentyrites Nomos",Tentyrites Nomos,,,,,,
x30299,Thebes,historic - Upper Egypt,archaic,K,Egypt~Upper Egypt (historic),,,,,100,https://sws.geonames.org/347342,Thebes,25.7,32.68333,archaeological/prehistoric site,Thebes|An Teibh|An Téibh|Diospolis|Fiva|Fivi|Fivy|Gorad Fivy|Oaset|THeba|Teb|Teba|Tebai|Tebas|Tebas Hecatompila|Tebas Hecatómpila|Tebe|Teben|Tebes|Tebo|Teby|Teeba|Theba|Thebae|Thebai|Thebe|Theben|Thivai Aigyptou|Thèbes|Théba|Thēbai|Tiva|Téby|Tēbas|Tėbai|Veset|Waset|di bi si|niwt|niwt-imn|niwt-rst|nōˀ ˀāmôn|pracina thebsa|tbay|tebe|thebesa|tipai|tybh|tybt|Þeba|Διοσπολις|Θήβαι Αιγύπτου|Θηβαι|Горад Фівы|Теба|Тива|Фивы|Фіви|Թեբե|נא אמון|תבאי|تبای|طيبة|طيبه|طيبہ|थेबेस|प्राचीन थेब्स|தீபை|თებე|ጤቤስ|テーベ|底比斯|테베,50,en.wikipedia.org/wiki/Thebes%2C_Egypt,"Thebes, Egypt",25.720555555555553,32.61027777777778,"Thebes (Thēbai), known to the ancient Egyptians as Waset, was an ancient Egyptian city located east of the Nile about south of the Mediterranean. Its ruins lie within the modern Egyptian city of Luxor. Thebes was the main city of the fourth Upper Egyptian nome (Sceptre nome) and was the capital of (...)",landmark,,,,,,,,100,https://www.trismegistos.org/place/2355,Thebes,"Egypt, U04b - Thebes",25.68502752,32.6355912
x51761,Thinite Nome,,archaic,I,Egypt~Upper Egypt (historic),,Thinis~Thinite~Θινιτης Νομος,,Nome (administrative district of Ancient Egypt).,,,,,,,,60,en.wikipedia.org/wiki/Thinis,Thinis,26.33,31.9,"Thinis or This (Egyptian: Tjenu) was the capital city of the first dynasties of ancient Egypt. Thinis is, as yet, undiscovered but well attested to by ancient writers, including the classical historian Manetho, who cites it as the centre of the Thinite Confederacy, a tribal confederation whose (...)",city,72,https://pleiades.stoa.org/places/756658,Thinites Nomos,26.25,31.75,"An ancient place, cited: BAtlas 77 F4 Thinites Nomos",Thinites Nomos,,,,,,
x30564,Tod,,modern,Q,Qena (Governorate)~Upper Egypt (historic),,Djerty~Tuphium,,,100,https://sws.geonames.org/347422,Ţūd,25.58278,32.5329,populated place,Ţūd|Tud|Iod|Iôd|Tawd|Tod|twd|Ţawd|طود|Ṭod|Ṭūd,,,,,,,,,,,,,,,,,,,,
x30683,Tomb of Aha,,modern,Q,Umm el-Qaab (Abydos),,,,,,,,,,,,,,,,,,,,,,,,,,40,https://www.trismegistos.org/place/56453,Tomb of El-Haj,"Egypt, Eastern desert - Tomb of El-Haj",24.8867467709158,34.7032035335294
x30740,Tomb of Ahhotep,,modern,Q,Dra Abu el-Naga (Thebes),,,,,,,,,,,,50,en.wikipedia.org/wiki/TT12,TT12,25.003888888888888,32.01027777777778,"The Theban Tomb TT12 is located in Dra' Abu el-Naga', part of the Theban Necropolis, on the west bank of the Nile, opposite to Luxor. It is the burial place of the Ancient Egyptian Hery, who was Overseer of the Granary of the King's Mother Ahhotep, during the reigns of Seqenenre Tao II to Amenhotep (...)",,,,,,,,,,,,,,
x30512,Tomb of Amenemhet,Thebes,modern,Q,Sheikh Abd el-Qurna (Thebes),,TT97~TT 97,,Theban Tomb 97.,,,,,,,,,,,,,,,,,,,,,,,,,,,
x30588,Tomb of Amenhotep II,,modern,Q,Biban el-Muluk (Valley of the Kings - Thebes),,,,,,,,,,,,60,en.wikipedia.org/wiki/KV42,KV42,25.738083333333336,32.600722222222224,"Tomb KV42 is located in Egypt's Valley of the Kings. It was constructed for Hatshepsut-Meryetre, the wife of Thutmose III, but she was not buried in the tomb. It was reused by Sennefer, a mayor of Thebes during the reign of Amenhotep II, and by several members of his family (...)",landmark,,,,,,,,,,,,,
x30446,Tomb of Amenhotep III,,modern,Q,Biban el-Muluk (Valley of the Kings - Thebes),,,,,,,,,,,,60,en.wikipedia.org/wiki/KV42,KV42,25.738083333333336,32.600722222222224,"Tomb KV42 is located in Egypt's Valley of the Kings. It was constructed for Hatshepsut-Meryetre, the wife of Thutmose III, but she was not buried in the tomb. It was reused by Sennefer, a mayor of Thebes during the reign of Amenhotep II, and by several members of his family (...)",landmark,,,,,,,,,,,,,
x30531,Tomb of Anedjib,,modern,Q,Umm el-Qaab (Abydos),,,,,,,,,,,,50,en.wikipedia.org/wiki/Umm_El_Qa%27ab,Umm El Qa'ab,26.174913,31.9078587,"Umm El Qaʻāb (sometimes romanised Umm El Gaʻab) is a necropolis of the Early Dynastic Period Tombs of kings of the First and Second Dynasty kings at Abydos, Egypt.Toby Wilkinson, Early Dynastic Egypt, Routledge, 1999 Its modern name means ""Mother of Pots"" as the whole area is littered with the (...)",landmark,,,,,,,,,,,,,
x30396,Tomb of Ani,Thebes,modern,Q,Qena (Governorate)~Thebes (historic - Upper Egypt),,,,Precise location unknown as this tomb has been lost.,,,,,,,,,,,,,,,,,,,,,,,,,,,
x30415,Tomb of Ankhhor,Thebes,modern,Q,Asasif (Thebes),,TT414~TT 414,,Theban tomb 414.,,,,,,,,,,,,,,,,,,,,,,,,,,,
x30496,Tomb of Ankhu,Abydos,modern,Q,Abydos,,,,,,,,,,,,,,,,,,,,,,,,,,,,,,,
x30422,Tomb of Den,,modern,Q,Umm el-Qaab (Abydos),,,,,,,,,,,,,,,,,,,,,,,,,,,,,,,
x30520,Tomb of Djehutymose,Thebes,modern,Q,"Khokha, el- (Thebes)",,TT32~TT 32,,Theban tomb 32.,,,,,,,,100,en.wikipedia.org/wiki/TT32,TT32,25.7167,32.4833,"The Theban Tomb TT32 is located in El-Khokha, part of the Theban Necropolis, on the west bank of the Nile, opposite to Luxor. It is the burial place of the Ancient Egyptian official, Djehutymose. Djehutymose (or Tuthmose) was a chief steward of Amun and overseer of the granaries of Upper and Lower (...)",,,,,,,,,,,,,,
x30421,Tomb of Djer,,modern,Q,Umm el-Qaab (Abydos),,,,,,,,,,,,,,,,,,,,,,,,,,,,,,,
x30529,Tomb of Djet,,modern,Q,Umm el-Qaab (Abydos),,,,,,,,,,,,,,,,,,,,,,,,,,,,,,,
x30521,Tomb of Hatshepsut,,modern,Q,Biban el-Muluk (Valley of the Kings - Thebes),,,,,,,,,,,,75,en.wikipedia.org/wiki/TT127,TT127,25.003888888888888,32.01027777777778,"The Theban Tomb TT127 is located in Sheikh Abd el-Qurna, part of the Theban Necropolis, on the west bank of the Nile, opposite to Luxor. The tomb belongs to an 18th Dynasty Ancient Egyptian named Sememiah who was a royal scribe and overseer of the treasuries during the reigns of Hatshepsut and (...)",,,,,,,,,,,,,,
x30767,Tomb of Ibi,Thebes,modern,Q,Asasif (Thebes),,TT36~TT 36,,Theban tomb 36.,,,,,,,,60,en.wikipedia.org/wiki/Qakare_Ibi,Qakare Ibi,29.841666666666665,31.217777777777776,"Qakare Ibi was an ancient Egyptian pharaoh during the early First Intermediate Period (2181–2055 BC) and the 14th ruler of the combined 7th/8th Dynasty.Jürgen von Beckerath: Handbuch der ägyptischen Königsnamen, Münchner ägyptologische Studien, Heft 49, Mainz : P (...)",landmark,,,,,,,,,,,,,
x30594,Tomb of Idy,Abydos,modern,Q,Abydos,,,,,,,,,,,,,,,,,,,,,,,,,,,,,,,
THES264750,Tomb of Idy,Hiw,modern,Q,Hiw,,Tomb of Ady~Mastaba D5~Tomb of Idi,,,,,,,,,,,,,,,,,,,,,,,,,,,,,
x30748,Tomb of Inhapy,Thebes,modern,Q,Deir el-Bahri (Thebes),,TT320~TT 320,,Theban tomb 320 was originally the tomb of Queen Inhapy and later used for the First Cache of royal mummies.,,,,,,,,,,,,,,,,,,,,,,,,,,,
x30713,Tomb of Inherkhau,Thebes,modern,Q,Deir el-Medina (Thebes),,TT359~TT 359,,Theban Tomb 359,,,,,,,,100,en.wikipedia.org/wiki/TT359,TT359,25.7275,32.6006,"The Theban Tomb TT359 is located in Deir el-Medina, part of the Theban Necropolis, on the west bank of the Nile, opposite to Luxor. It is the burial place of the Ancient Egyptian workman Inherkhau, who was Foreman of the Lord of the Two Lands in the Place of Truth, during the reigns of Ramesses III (...)",landmark,,,,,,,,,,,,,
x30732,Tomb of Intef,Thebes,modern,Q,Qena (Governorate)~Thebes (historic - Upper Egypt),,,,Precise location unknown as the tomb is lost.,,,,,,,,50,en.wikipedia.org/wiki/Intef_III,Intef III,25.736666666666668,32.63638888888889,"Intef III was the third pharaoh of the Eleventh Dynasty of Egypt during the late First Intermediate Period in the 21st century BC, at a time when Egypt was divided in two kingdoms. The son of his predecessor Intef II and father of his successor Mentuhotep II, Intef III reigned for 8 years over Upper (...)",landmark,,,,,,,,,,,,,
x30443,Tomb of Kauit,,modern,Q,Temple of Mentuhotep,,Tomb of Kawit,,,,,,,,,,,,,,,,,,,,,,,,,,,,,
x30424,Tomb of Khasekhem,,modern,Q,Umm el-Qaab (Abydos),,,,,,,,,,,,,,,,,,,,,,,,,,,,,,,
x30750,Tomb of Khonshotep,Thebes,modern,Q,Qena (Governorate)~Thebes (historic - Upper Egypt),,,,Precise location unknown as tomb is lost.,,,,,,,,,,,,,,,,,,,,,,,,,,,
x30772,Tomb of Kynebu,Thebes,modern,Q,Sheikh Abd el-Qurna (Thebes),,TT113~TT 113,,Theban tomb 113.,,,,,,,,,,,,,,,,,,,,,,,,,,,
x30682,Tomb of Menankhpepy,,modern,Q,Dendara,,,,,,,,,,,,,,,,,,,,,,,,,,,,,,,
x30516,Tomb of Menna,Thebes,modern,Q,Sheikh Abd el-Qurna (Thebes),,TT69~TT 69,,Theban tomb 69.,,,,,,,,100,en.wikipedia.org/wiki/TT69,TT69,25.7333,32.6,"The Theban Tomb TT69 is located in Sheikh Abd el-Qurna, part of the Theban Necropolis, on the west bank of the Nile, opposite Luxor. It is the burial place of the Ancient Egyptian Menna, who was Scribe of the Fields of the Lord of the Two Lands, probably during the reign of Thutmose IV, in the 18th (...)",,,,,,,,,,,,,,
x30729,Tomb of Mentuemhat,Thebes,modern,Q,Asasif (Thebes),,TT34~TT 34,,Theban tomb 34.,,,,,,,,,,,,,,,,,,,,,,,,,,,
x30447,Tomb of Mentuhotep,,modern,Q,Temple of Mentuhotep,,,,,,,,,,,,75,en.wikipedia.org/wiki/TT319,TT319,25.738194444444446,32.6075,"The Theban Tomb TT319 is located in Deir el-Bahari, part of the Theban Necropolis, on the west bank of the Nile, opposite to Luxor. The tomb belongs to the king's wife Neferu II, wife of the Ancient Egyptian king Mentuhotep II (around 2000 BC). Neferu was the daughter of Queen Iah and Intef III (...)",landmark,,,,,,,,,,,,,
x30647,Tomb of Merenptah,,modern,Q,Biban el-Muluk (Valley of the Kings - Thebes),,,,,,,,,,,,75,en.wikipedia.org/wiki/KV8,KV8,25.740711673333333,32.601158293055555,"Tomb KV8, located in the Valley of the Kings, was used for the burial of Pharaoh Merenptah of Ancient Egypt's Nineteenth Dynasty. The burial chamber, located at the end of 160 metres of corridor, originally held a set of four nested sarcophagi (...)",landmark,,,,,,,,,,,,,
x30530,Tomb of Merneit,,modern,Q,Umm el-Qaab (Abydos),,,,,,,,,,,,,,,,,,,,,,,,,,,,,,,
x30657,Tomb of Merymose,Thebes,modern,Q,Qurnet Murai (Thebes),,TT383~TT 383,,Theban tomb 383.,,,,,,,,,,,,,,,,,,,,,,,,,,,
x30660,Tomb of Nebamun,Thebes,modern,Q,Qena (Governorate)~Thebes (historic - Upper Egypt),,,,Precise location uncertain as original tomb is lost.,,,,,,,,,,,,,,,,,,,,,,,,,,,
x30670,Tomb of Nebdjefau,Thebes,modern,Q,Deir el-Medina (Thebes),,,,,,,,,,,,,,,,,,,,,,,,,,,,,,,
x30428,Tomb of Nebseny,Thebes,modern,Q,Dra Abu el-Naga (Thebes),,TT401~TT 401,,Theban tomb 401.,,,,,,,,,,,,,,,,,,,,,,,,,,,
x30319,Tomb of Neferabu,Thebes,modern,Q,Deir el-Medina (Thebes),,TT5~TT 5,,Theban Tomb 5,,,,,,,,,,,,,,,,,,,,,,,,,,,
x30325,Tomb of Neferhotep,TT6,modern,Q,Deir el-Medina (Thebes),,,,The tomb of Neferhotep (I) Theban Tomb 6,,,,,,,,50,en.wikipedia.org/wiki/Sheikh_Abd_el-Qurna,Sheikh Abd el-Qurna,25.7317,32.6092,"The necropolis of Sheikh Abd el-Qurna is located on the West Bank at Thebes in Upper Egypt. It is part of the archaeological area of Deir el-Bahari. Named after the doomed tomb of the local saint. This is the most frequently visited cemetery on the Theban west bank, with the largest concentration of (...)",city,,,,,,,,,,,,,
x30686,Tomb of Neferseshempepy,,modern,Q,Dendara,,,,,,,,,,,,,,,,,,,,,,,,,,,,,,,
x30730,Tomb of Nesmin,,modern,Q,Akhmim,,,,,,,,,,,,,,,,,,,,,,,,,,,,,,,
x30528,Tomb of Netjerkhet,,modern,Q,Beit Khallaf,,,,,,,,,,,,,,,,,,,,,,,,,,,,,,,
x30751,Tomb of Nubkheperra Intef,,modern,Q,Dra Abu el-Naga (Thebes),,,,,,,,,,,,,,,,,,,,,,,,,,,,,,,
x30788,Tomb of Nyibunesu,,modern,Q,Dendara,,,,,,,,,,,,,,,,,,,,,,,,,,,,,,,
x30416,Tomb of Padiamunipet,Thebes,modern,Q,Asasif (Thebes),,TT33~TT 33~Tomb of Petamenipet~Tomb of Pediamunopet~Tomb of Pediamenope,,Theban tomb 33.,,,,,,,,,,,,,,,,,,,,,,,,,,,
x30727,Tomb of Pairi,Thebes,modern,Q,Sheikh Abd el-Qurna (Thebes),,Tomb of Pairy~TT139,,Theban Tomb 139,,,,,,,,,,,,,,,,,,,,,,,,,,,
x30423,Tomb of Peribsen,,modern,Q,Umm el-Qaab (Abydos),,,,,,,,,,,,,,,,,,,,,,,,,,,,,,,
x30533,Tomb of Qaa,,modern,Q,Umm el-Qaab (Abydos),,,,,,,,,,,,,,,,,,,,,,,,,,,,,,,
x30712,Tomb of Qenia,Thebes,modern,Q,Deir el-Medina (Thebes),,Tomb of Kenia,,Precise location uncertain as tomb is lost.,,,,,,,,,,,,,,,,,,,,,,,,,,,
x30501,Tomb of Ramses I,,modern,Q,Biban el-Muluk (Valley of the Kings - Thebes),,,,,,,,,,,,80,en.wikipedia.org/wiki/QV44,QV44,25.726982,32.592278,QV44 is one of several tombs located in the Valley of the Queens intended for the use of Ramesses III's sons. The painted reliefs decorating Khaemwaset E's tomb illustrate his ritual and symbolic journey in the Afterlife as he meets the main gods of that region as well as the genies who guard the (...),landmark,,,,,,,,,,,,,
x30500,Tomb of Ramses II,,modern,Q,Biban el-Muluk (Valley of the Kings - Thebes),,,,,,,,,,,,60,en.wikipedia.org/wiki/Ramesseum,Ramesseum,25.7275,32.6104,"The Ramesseum is the memorial temple (or mortuary temple) of Pharaoh Ramesses II (""Ramesses the Great"", also spelled ""Ramses"" and ""Rameses""). It is located in the Theban necropolis in Upper Egypt, across the River Nile from the modern city of Luxor (...)",landmark,,,,,,,,,,,,,
x30387,Tomb of Ramses IX,,modern,Q,Biban el-Muluk (Valley of the Kings - Thebes),,,,,,,,,,,,80,en.wikipedia.org/wiki/KV6,KV6,25.740444444444446,32.60186111111111,"Tomb KV6 in Egypt's Valley of the Kings was the final resting place of the 20th-dynasty Pharaoh Ramesses IX. However, the archaeological evidence and the quality of decoration it contains indicates that the tomb was not finished in time for Ramesses's death but was hastily rushed through to (...)",landmark,,,,,,,,,,,,,
x30359,Tomb of Ramses V,,modern,Q,Biban el-Muluk (Valley of the Kings - Thebes),,,,,,,,,,,,,,,,,,,,,,,,,,,,,,,
x30617,Tomb of Ramses VI,,modern,Q,Biban el-Muluk (Valley of the Kings - Thebes),,,,,,,,,,,,80,en.wikipedia.org/wiki/KV1,KV1,25.742333333333335,32.60186111111111,"Tomb KV1, located in the Valley of the Kings in Egypt, was used for the burial of Pharaoh Ramesses VII of the Twentieth Dynasty. Although it has been open since antiquity, it was only properly investigated and cleared by Edwin Brock in 1984 and 1985 (...)",landmark,,,,,,,,,,,,,
x30696,Tomb of Ramses VII,,modern,Q,Biban el-Muluk (Valley of the Kings - Thebes),,,,,,,,,,,,80,en.wikipedia.org/wiki/KV1,KV1,25.742333333333335,32.60186111111111,"Tomb KV1, located in the Valley of the Kings in Egypt, was used for the burial of Pharaoh Ramesses VII of the Twentieth Dynasty. Although it has been open since antiquity, it was only properly investigated and cleared by Edwin Brock in 1984 and 1985 (...)",landmark,,,,,,,,,,,,,
x30618,Tomb of Ramses VIII,,modern,Q,Biban el-Muluk (Valley of the Kings - Thebes),,,,,,,,,,,,,,,,,,,,,,,,,,,,,,,
x30616,Tomb of Saptah,,modern,Q,Biban el-Muluk (Valley of the Kings - Thebes),,,,,,,,,,,,,,,,,,,,,,,,,,,,,,,
x30532,Tomb of Semerkhet,,modern,Q,Umm el-Qaab (Abydos),,,,,,,,,,,,50,en.wikipedia.org/wiki/Umm_El_Qa%27ab,Umm El Qa'ab,26.174913,31.9078587,"Umm El Qaʻāb (sometimes romanised Umm El Gaʻab) is a necropolis of the Early Dynastic Period Tombs of kings of the First and Second Dynasty kings at Abydos, Egypt.Toby Wilkinson, Early Dynastic Egypt, Routledge, 1999 Its modern name means ""Mother of Pots"" as the whole area is littered with the (...)",landmark,,,,,,,,,,,,,
x30511,Tomb of Sennefer,Thebes,modern,Q,Sheikh Abd el-Qurna (Thebes),,TT96~TT 96,,Theban tomb 96.,,,,,,,,80,en.wikipedia.org/wiki/TT96,TT96,25.7333,32.6,"The Theban Tomb TT96 (sometimes known as the ""Tomb of the Vineyards"" due to its decoration) is located in Sheikh Abd el-Qurna, part of the Theban Necropolis, on the west bank of the Nile, opposite to Luxor. It is the burial place of the Ancient Egyptian noble, Sennefer and wife Meryt (...)",,,,,,,,,,,,,,
x30352,Tomb of Sety I,,modern,Q,Biban el-Muluk (Valley of the Kings - Thebes),,,,,,,,,,,,,,,,,,,,,,,,,,,,,,,
x30659,Tomb of Sety II,,modern,Q,Biban el-Muluk (Valley of the Kings - Thebes),,,,,,,,,,,,,,,,,,,,,,,,,,,,,,,
x30731,Tomb of Sobekhotep,Thebes,modern,Q,Sheikh Abd el-Qurna (Thebes),,Tomb of Sebekhotep~TT63~TT 63,,Theban tomb 63.,,,,,,,,50,en.wikipedia.org/wiki/TT63,TT63,25.003888888888888,32.01027777777778,"The Theban Tomb TT63 is located in Sheikh Abd el-Qurna. It forms part of the Theban Necropolis, situated on the west bank of the Nile opposite to Luxor. The tomb belongs to an 18th dynasty Ancient Egyptian named Sobekhotep who was treasurer and the mayor of the Southern Lake and the Land of Sobek (...)",,,,,,,,,,,,,,
x30778,Tomb of the Three Princesses,,modern,Q,Wadi Qubanat el-Qirud (Thebes),,,,,,,,,,,,50,en.wikipedia.org/wiki/Deir_el-Bahari,Deir el-Bahari,25.737785,32.60754,"Deir el-Bahari or Dayr al-Bahri (al-Dayr al-Baḥrī ""the Monastery of the Sea"") is a complex of mortuary temples and tombs located on the west bank of the Nile, opposite the city of Luxor, Egypt. This is a part of the Theban Necropolis (...)",landmark,,,,,,,,,,,,,
x30467,Tomb of Thutmose III,,modern,Q,Biban el-Muluk (Valley of the Kings - Thebes),,,,,,,,,,,,60,en.wikipedia.org/wiki/Hatshepsut,Hatshepsut,25.738055555555558,32.60777777777778,"Hatshepsut (; also Hatchepsut; meaning Foremost of Noble Ladies; 1507–1458 BC) was the fifth pharaoh of the eighteenth dynasty of Egypt. Hatshepsut came to the throne of Egypt in 1478 BC. Officially, she ruled jointly with Thutmose III who had ascended to the throne as a child one year earlier (...)",landmark,,,,,,,,,,,,,
x30514,Tomb of Tjay,Thebes,modern,Q,Sheikh Abd el-Qurna (Thebes),,TT23~TT 23,,Theban Tomb 23.,,,,,,,,100,en.wikipedia.org/wiki/TT23,TT23,25.003888888888888,32.01027777777778,"The Theban Tomb TT23 is located in Sheikh Abd el-Qurna, part of the Theban Necropolis, on the west bank of the Nile, opposite to Luxor. It is the burial place of the Ancient Egyptian official, Tjay or Thay called To who was a royal scribe of the dispatches of the Lord of the Two Lands, during the (...)",,,,,,,,,,,,,,
x30517,Tomb of Tutankhamun,,modern,Q,Biban el-Muluk (Valley of the Kings - Thebes),,,,,,,,,,,,50,en.wikipedia.org/wiki/KV62,KV62,25.740222222222222,32.601333333333336,"KV62 is the standard Egyptological designation for the tomb of the young pharaoh Tutankhamun in the Valley of the Kings, now renowned for the wealth of valuable antiquities it contained. The tomb was discovered in 1922 by Howard Carter, underneath the remains of workmen's huts built during the (...)",landmark,,,,,,,,,,,,,
x107374,Tushka,,modern,Q,Aswan (Governorate)~Lower Nubia (historic),,Toshka,,,100,https://sws.geonames.org/347169,Tūshkah Sharq,22.5224,31.96734,populated place,Tūshkah Sharq|Tushkah Sharq|Toshka|Tushka|Tushka Sharq|Tushkah|Tūshka Sharq|Tūshkah,,,,,,,,,,,,,,,100,https://www.trismegistos.org/place/3213,Tushka,"Egypt, Aethiopia - Tushka",22.5,31.883333333333333
x30420,Umm el-Qaab,Abydos,modern,Q,Abydos,,,,,,,,,,,,,,,,,,,,,,,,,,,,,,,
THES264758,"Uqsur, el-",Governorate,modern,E,Egypt~Upper Egypt (historic),,Luxor~Al Uqsur~al-Aqṣur~Aqsur~Uqsur,,El-Uqsur governorate,100,https://sws.geonames.org/360502,Luxor,25.69893,32.6421,seat of a first-order administrative division,Luxor|Al Uqsur|El Aqsur|El Kusur|El Qusur|El Uqsor|El-Aksur|El-Uksur|LXR|Louksor|Louxor|Loxor|Loxòr|Lucsar|Luksor|Luksor shaary|Luksora|Luksoras|Luksoro|Luqsor|Luxor- alaqsr|Luxor- الأقصر|Lúxor|al-ukcur|alaqsr|aqsr|lak sxr|lakasara|laksara|le shu|lksr|lugsoleu|luksora|luksori|lwqswr|rukusoru|Λούξορ|Луксор|Луксор шаары|Լուքսոր|לוקסור|اقصر|الأقصر|الاقصر|لکسر|लक्सर|लुक्सोर|ਲਕਸਰ|அல்-உக்சுர்|ลักซอร์|ლუქსორი|ルクソール|樂蜀|룩소르,71,en.wikipedia.org/wiki/El_Maris_%28suburb%29,El Maris (suburb),25.616666666666667,32.56666666666667,"El Maris is a suburb of al Uqsur, in Egypt. It is part of the Luxor Governorate.",city,,,,,,,,,,,,,
x109519,Wadi Jen,,modern,Q,Qena (Governorate)~Thebes (historic - Upper Egypt),,Wadiyen~Wadijen,,Precise location uncertain.,,,,,,,,,,,,,,,,,,,,,,,,,,,
x30777,Wadi Qubanat el-Qirud,Thebes,modern,Q,Qena (Governorate)~Thebes (historic - Upper Egypt),,Gabanet el Giroud~Wadi Qubbanat el-Qirud~Wadi Qubbanat el-Girud~Wadi Qubanat el-Girud,,"The Valley of the Monkeys, west of the Valley of the Queens.",,,,,,,,,,,,,,,,,,,,,,,,,,,
